번호,관련번호,상위번호,도서명,자료출처,지명유래,X좌표,Y좌표,유무인도,연육도현황,기타,도형정보,lat,lon
11,군내5,4.61E+18,돌산도,고시,,270002.14,227731.37,1,연륙교,,POINT (270002.14026976144 227731.36959785502),34.642783281836174,127.76351463937858
12,봉전1,4.61E+18,단도,고시,경치가 좋아서 관광객,248009.99,245788.96,0,,,POINT (248009.98698292556 245788.9560905501),34.806817797193666,127.52468416259815
13,이천3,4.61E+18,우도,수치,,252548.07,238472.06,0,,,POINT (252548.07032925868 238472.0602584149),34.74064140093602,127.57382037668361
14,안포7,4.61E+18,오란도,고시,까막섬이 돌산읍에 있,259709.22,225703.23,0,,,POINT (259709.2204204637 225703.22926856123),34.62515322296947,127.6511136644067
15,우학1,4.61E+18,오동도,고시,이 섬은 물위에 높이 ,272161.34,213196.47,0,,,POINT (272161.34243912867 213196.4719023821),34.51162164640445,127.7858292064703
16,우학2,4.61E+18,금오도,고시,이 섬에는 신선대와 옥,269079.34,214092.42,1,,,POINT (269079.3440332161 214092.4226631091),34.51990881394644,127.75234176293084
17,심장6,4.61E+18,소부도,고시,이 섬의 모양이 작은 ,272561.39,210121.49,0,,,POINT (272561.38537919347 210121.49242920202),34.483876537897885,127.78992387260978
18,심장7,4.61E+18,구몽바위(소구몽암),행정,여수시 관내 행정지도,270295.41,208877.47,0,,,POINT (270295.4141662583 208877.46536551678),34.472820141107725,127.76515536407686
19,심장8,4.61E+18,구몽바위(대구몽암),행정,여수시 관내 행정지도,270392.41,208882.47,0,,,POINT (270392.4136362985 208882.46675261197),34.47285859619878,127.76621152374028
20,유송3,4.61E+18,가리여,수치,,270648.29,217029.43,0,,,POINT (270648.29371207184 217029.4313609401),34.546275740668975,127.76967140021065
21,연도5,4.61E+18,알마도,고시,섬의 모양이 망아지처,272029.44,206637.5,0,,,POINT (272029.43859577004 206637.50123055786),34.452509922724765,127.78383974424695
22,연도9,4.61E+18,작도,고시,이 섬의 빛은 희고 또 ,283112.45,202668.68,0,,,POINT (283112.44515616517 202668.68144326354),34.41590408864551,127.90404972843197
23,연도10,4.61E+18,작은간여,고시,연도 동남쪽에 있는 2,278622.67,188515.68,0,,,POINT (278622.67144445964 188515.680899008),34.288683132312656,127.85392273030243
24,연도11,4.61E+18,간여,고시,이 섬은 연도리에서 상,278648.67,188468.68,0,,,POINT (278648.6720089352 188468.68148860813),34.2882575115715,127.85420080203167
25,연도12,4.61E+18,연도,고시,옛날 풍수가 거처하면,273732.46,204901.53,1,,,POINT (273732.4558949201 204901.5342044293),34.43674206863512,127.80222118505839
26,개도12,4.61E+18,개도,고시,천재봉과 봉화산의 형,261295.31,219277.28,1,,,POINT (261295.30610110585 219277.2841591229),34.56713732601159,127.66794472015724
27,제도1,4.61E+18,도막여-1,고시,화정면 제도리 남쪽에,259986.28,221556.25,0,,,POINT (259986.27937348283 221556.25389416167),34.587756887562335,127.6538416755043
28,제도2,4.61E+18,큰여,고시,제도리 남쪽에 위치한,259932.28,221506.25,0,,,POINT (259932.28036431942 221506.25335667626),34.58730934651026,127.65324958999734
29,조발3,4.61E+18,납대기도,고시,"1/50,000 지형도에 하과",249073.27,225639.08,0,,,POINT (249073.27417270845 225639.07525221998),34.62513892027785,127.53513261316326
30,조발4,4.61E+18,둔병도,고시,마을앞 갯벌에 병사들,249723.27,225931.08,1,,,POINT (249723.26669923734 225931.0831801957),34.62773970301075,127.5422375565217
31,조발6,4.61E+18,홍도,고시,섬에 소나무(松)가 없,250874.26,226130.1,0,,,POINT (250874.25806838478 226130.09883791232),34.629477220213815,127.55480065287462
32,조발9,4.61E+18,토도,수치,섬의 모양이 토끼와 같,252189.23,227389.11,0,,,POINT (252189.23325756143 227389.1115396208),34.640759780910756,127.56921774206678
33,조발10,4.61E+18,조발도,고시,조발리의 리명을 따서,251267.25,226752.1,1,,,POINT (251267.24709650988 226752.10139088688),34.635064328881946,127.5591237770712
34,적금1,4.61E+18,만월도,고시,섬이 달 모양처럼 둥글,247916.23,229095.04,0,,,POINT (247916.22998297508 229095.04097791837),34.656345613422836,127.52271126282297
35,거문9,4.61E+18,고도보찰여,고시,상백도내의 무인도로 ,253904.14,163233.44,0,,,POINT (253904.14262939454 163233.44113103073),34.06235115862644,127.58389737802098
36,거문10,4.61E+18,높은날섬,고시,상백도내의 무인도로 ,253793.15,162992.44,0,,,POINT (253793.14651629125 162992.4406402363),34.06018430798371,127.58268030398109
37,거문11,4.61E+18,물개바위,고시,상배도내의 무인도로 ,253643.15,162981.44,0,,,POINT (253643.14733228038 162981.43857441476),34.06009283692573,127.58105492048105
38,거문12,4.61E+18,사람바위,고시,상백도내의 무인도로 ,253801.15,162776.44,0,,,POINT (253801.14952594554 162776.44171561586),34.058236709451876,127.58275362772216
49,손죽27,4.61E+18,소두역서,고시,섬의 형태가 작은머리,250001.85,184931.29,0,,,POINT (250001.85317619998 184931.2867309947),34.25814369332637,127.54287938795974
211,수정1,4.61E+18,오동도,고시,이곳에 동백꽃 나무가,270162.97,239036.32,1,연륙교,,POINT (270162.973314436 239036.31557556224),34.74466925010825,127.76620720396942
212,중앙1,4.61E+18,장군도,고시,연산3년(1497년) 수사 이,267395.01,237733.28,0,,,POINT (267395.006297846 237733.28139610827),34.73311073680924,127.73587810424485
213,신월2,4.61E+18,능초도,수치,,263828.05,236155.24,0,,,POINT (263828.04728133156 236155.23698623746),34.71911601462481,127.69681414277571
214,신월3,4.61E+18,조도,고시,새와 같이 생겼다 하여,263150.06,235296.23,0,,,POINT (263150.0632578141 235296.23138792138),34.71141534696707,127.68934871247258
215,오천1,4.61E+18,돈반여,고시,"예전에 섬에 미역, 전",270127.9,243955.29,0,,,POINT (270127.90093156515 243955.2901691753),34.78900817001314,127.76623389314742
216,경호1,4.61E+18,야도,고시,불무와 같이 생겼다 하,265168.04,236308.26,1,,,POINT (265168.0383431323 236308.2558702897),34.7204107244637,127.71145370994404
217,경호3,4.61E+18,가장도,고시,섬이 길게 생기었다 하,265095.05,235656.26,0,,,POINT (265095.0482725937 235656.25808717433),34.7145385347498,127.71060663869935
218,경호4,4.61E+18,풍락도,고시,큰 풍우에 떨어져 나갔,264793.05,235418.25,0,,,POINT (264793.0532690866 235418.25485682825),34.712412397322964,127.70729182967654
219,경호5,4.61E+18,노량도,고시,섬이 누렇게 생긴 진흙,265016.05,235247.26,0,,,POINT (265016.05466503114 235247.258989165),34.71085701217389,127.70971280441655
220,경호6,4.61E+18,암목도,고시,바위 위에 나무가 서 ,263797.06,235070.24,0,,,POINT (263797.0633384613 235070.24200907158),34.70933820272736,127.69639385904368
221,경호7,4.61E+18,소경도,고시,대경도에 비해 규모가,264748.06,234830.26,1,,,POINT (264748.0621145573 234830.25715906994),34.707115353586246,127.70675566140508
222,경호8,4.61E+18,고서,고시,북과 같이 생겼다 하여,263739.09,233566.25,0,,,POINT (263739.0856577464 233566.2487348467),34.69578543850959,127.69564763503426
223,경호9,4.61E+18,초도,고시,대경도에서 제일 가까,265317.08,233245.27,0,,,POINT (265317.08251677983 233245.27346709435),34.69279273617209,127.71284382538032
224,경호10,4.61E+18,부도,고시,장고와 같이 생겼다 하,265065.09,232853.27,0,,,POINT (265065.089511129 232853.2717405135),34.68927545936066,127.71006372195893
225,경호11,4.61E+18,부서,행정,여수시 관내 행정지도,265064.09,232580.27,0,,,POINT (265064.09351527295 232580.27309475472),34.68681480916204,127.71003179818497
226,경호12,4.61E+18,송도,고시,예전에 소나무가 많이,267407.04,235686.29,0,,,POINT (267407.0363197019 235686.29187892727),34.714659401079054,127.73584594138966
227,경호13,4.61E+18,노도,고시,겨울철이 되면 풀이 희,267985.04,235136.3,0,,,POINT (267985.041527619 235136.30313287012),34.70966379459258,127.74211090355122
228,경호14,4.61E+18,넓섬,수치,,267991.09,231772.32,0,,,POINT (267991.0908807622 231772.3200478984),34.67934205766534,127.74190629862554
229,경호15,4.61E+18,대경도,고시,본 섬은 경호동 내에서,266537.05,234933.28,1,,,POINT (266537.0517010738 234933.2828867276),34.707929104128766,127.72629007897366
230,소호1,4.61E+18,가덕도,수치,,260238.03,238558.17,0,,,POINT (260238.03009998938 238558.1721813663),34.74099301067805,127.65779564005344
231,웅천1,4.61E+18,두력도,고시,"섬이 둥글다하여 원섬,",261559.03,238252.19,0,,,POINT (261559.02792713378 238252.19309347094),34.73815627079825,127.67219767291849
232,웅천2,4.61E+18,장도,고시,길게 생긴 섬이라 하여,260829.02,238821.18,1,,,POINT (260829.02326740586 238821.17949884507),34.743328656242,127.6642678085138
233,중흥1,4.61E+18,일간도,고시,이웃한 세개의 섬중 북,258985.86,250751.09,0,,,POINT (258985.8575264951 250751.09093791235),34.85096777376904,127.64497809478524
234,중흥2,4.61E+18,이간도,고시,이웃한 세개의 섬중 북,259021.86,250431.09,0,,,POINT (259021.862048054 250431.0931355629),34.848081370575045,127.6453491928144
235,중흥3,4.61E+18,삼간도,고시,이웃한 세개의 섬중 북,259044.87,249857.1,1,,,POINT (259044.87037165204 249857.0964634741),34.84290638207987,127.64556036910722
236,적량1,4.61E+18,쥐섬,고시,쥐의 형상처럼 생겨서,263282.82,251808.15,0,,,POINT (263282.81982023385 251808.14875677385),34.86023724029108,127.69203985106002
237,월내2,4.61E+18,새섬,고시,"두루미, 백조,황새,갈",265921.8,251897.19,0,,,POINT (265921.8049581667 251897.1872741428),34.860872142731466,127.72090387575948
238,묘도1,4.61E+18,서치도,고시,섬이 쥐 같이 생겼다 ,262745.81,252664.14,0,,,POINT (262745.8099529197 252664.13637899357),34.86798588626227,127.68623175078551
239,묘도2,4.61E+18,황도,행정,여수시 관내 행정지도,263816.8,253276.15,0,,,POINT (263816.79539994785 253276.1490071012),34.8734354863762,127.69799069499133
240,묘도3,4.61E+18,황도,고시,고양이섬(묘도)의 고양,264172.8,253030.16,0,,,POINT (264172.7972005118 253030.15554638737),34.87119587972063,127.70186531217051
241,묘도4,4.61E+18,소당도,고시,섬 안에 집 같은 작은,265210.8,252584.17,0,,,POINT (265210.7984531544 252584.1732024852),34.86710996687139,127.7131825530269
242,묘도5,4.61E+18,목도,고시,옛날부터 이 섬에 나무,265716.8,252272.18,0,,,POINT (265716.80046684167 252272.18230046792),34.864265319009355,127.71869160723524
243,묘도6,4.61E+18,송도,고시,옛날부터 이 섬에 소나,266668.79,252705.19,0,,,POINT (266668.78918156953 252705.1941348997),34.86810619434644,127.72913646097619
244,묘도7,4.61E+18,묘도,고시,섬의 모양이 고양이와,265953.77,254488.17,1,,,POINT (265953.76647730975 254488.1742975206),34.884223369469645,127.72145745340683
245,신덕1,4.61E+18,백도,고시,갈매기가 석양이 되면,271075.84,247639.29,0,,,POINT (271075.8416944789 247639.28541384806),34.82214750276936,127.7769020035477
246,군내1,4.61E+18,상중도,고시,시리(시루)와 같이 생,264971.21,224678.31,0,,,POINT (264971.2095188614 224678.31107083766),34.61559512288059,127.70841208180619
247,군내2,4.61E+18,하증도,고시,섬의 모양이 시리(시루,265338.21,224476.32,0,,,POINT (265338.21067380474 224476.31742709392),34.613751142774355,127.71239782989372
248,군내3,4.61E+18,장구섬,고시,송도의 남쪽에 있는 섬,265529.22,223524.32,0,,,POINT (265529.2236372541 223524.32491253823),34.60515791102153,127.71440680479057
249,군내4,4.61E+18,송도,고시,예전부터 이 섬에 소나,265530.22,223932.32,1,,,POINT (265530.21767745836 223932.32291534916),34.608835442899526,127.714449206697
250,율림1,4.61E+18,밤섬,고시,섬의 모양이 밤처럼 생,273198.18,224004.43,0,,,POINT (273198.1793942341 224004.4347735835),34.6089672435454,127.79804926845172
251,금봉1,4.61E+18,여초,고시,바닷물이 만조할 때는,264042.1,232702.26,0,,,POINT (264042.09680126666 232702.25751396804),34.68797883995195,127.69888900048699
252,금봉2,4.61E+18,소죽도,행정,여수시 관내 행정지도,264646.1,232546.27,0,,,POINT (264646.09608683106 232546.2671420807),34.68653483287321,127.70546806141047
253,금봉3,4.61E+18,까막섬,행정,여수시 관내 행정지도,262533.12,231345.24,0,,,POINT (262533.1241461209 231345.24224686774),34.6758404275932,127.68232225480484
254,금봉4,4.61E+18,금죽도,고시,예전에 이 섬에 큰 대,264313.11,231581.27,1,,,POINT (264313.1118653016 231581.26710300538),34.67785765967547,127.70176106699697
255,금봉5,4.61E+18,취도,고시,추나물이 많이 있다 하,265129.12,230719.28,0,,,POINT (265129.1204430506 230719.28336007538),34.67003642273367,127.71059810379089
256,금봉6,4.61E+18,정개도,고시,섬의 모양이 솥뚜껑과,264905.15,228795.29,0,,,POINT (264905.14969571924 228795.28967960237),34.652708475046516,127.70800709711106
257,금봉7,4.61E+18,항대도,고시,섬의 모양이 소의 모가,265432.16,227685.3,0,,,POINT (265432.1633322734 227685.3029069382),34.64266989300624,127.71366976303412
258,금봉8,4.61E+18,백도,고시,섬의 빛이 흰빛을 띤다,264838.18,226918.3,0,,,POINT (264838.17745960434 226918.29803267214),34.63579413851133,127.70713296486612
259,금봉9,4.61E+18,독도,고시,섬의 모양이 송아지가,264988.18,226922.3,0,,,POINT (264988.1766646535 226922.30020475597),34.63582069773592,127.7087690790286
260,금봉10,4.61E+18,서근도,고시,금봉리의 서쪽에 있는,265277.17,227008.3,0,,,POINT (265277.17398924974 227008.30400177924),34.63657751801372,127.71192724857208
261,평사1,4.61E+18,샛섬,수치,,267086.12,230314.31,0,,,POINT (267086.1167171602 230314.31404379872),34.666259865107826,127.73191653390217
262,평사2,4.61E+18,경도,고시,줄기있는 풀이 많은 섬,267139.12,229984.32,0,,,POINT (267139.1212909035 229984.31646321452),34.663281996722596,127.73246855013161
263,평사3,4.61E+18,볼무섬,고시,섬의 모양이 불무(불을,275002.09,229291.44,0,,,POINT (275002.0929774297 229291.43536348204),34.65649126517932,127.81818258186978
264,사곡1,4.61E+18,복개도,고시,섬의 모양이 육지에서,251339.0,243932.01,0,,,POINT (251338.99687476113 243932.01436702086),34.7899175119359,127.56095085076127
265,사곡2,4.61E+18,장구도,고시,섬의 생김이 장구(고전,251178.0,243649.01,0,,,POINT (251178.00183470827 243649.0134885796),34.78737472388794,127.55917455558965
266,사곡3,4.61E+18,모개도,고시,섬의 모양이 모과(과일,251006.01,243011.01,0,,,POINT (251006.01203009402 243011.0142950787),34.78163258374148,127.5572567813335
267,복산1,4.61E+18,새섬,현지,궁항과 섬달천 사이에,251240.89,242012.56,0,,,POINT (251240.88538926758 242012.56290529273),34.77262104704195,127.55976202510855
268,복산2,4.61E+18,달천도,고시,옛날 사면이 바다로 되,251617.65,241156.11,1,연륙교,,POINT (251617.6459490102 241156.112838579),34.7648822367643,127.56382512072041
269,신풍1,4.61E+18,달섬,고시,학서마을 남동쪽에 위,256624.87,250909.06,0,,,POINT (256624.8674057582 250909.05539769615),34.852525800607864,127.61917399231638
270,여동2,4.61E+18,큰방섬,고시,율촌면 장도(기매립됨),255634.83,254112.02,0,,,POINT (255634.8254727745 254112.02403567528),34.88145038295791,127.60856144035023
272,여동3,4.61E+18,송도,고시,섬의 형체가 누워있는,256766.82,254029.04,1,,,POINT (256766.8207990437 254029.04112433403),34.88063983562954,127.62093744622975
273,여동4,4.61E+18,칼섬,고시,송도 밑에 조그만 섬으,257731.82,253480.06,0,,,POINT (257731.82386189216 253480.05820996704),34.87563725584727,127.63145458237096
274,여동5,4.61E+18,낭도,고시,옛날 처녀가 계모의 모,258497.82,253692.07,0,,,POINT (258497.81676493504 253692.0683766824),34.87750439862621,127.63984722457528
275,여동6,4.61E+18,우잔도,고시,소늑도 옆에 위치하고,255755.84,252964.03,0,,,POINT (255755.8417183574 252964.03185309237),34.87109633496132,127.60980862093237
276,여동7,4.61E+18,소륵도,고시,섬의 암석이 미륵같이,255790.84,252782.03,1,,,POINT (255790.84421110537 252782.03332369926),34.8694539549239,127.61017928150008
277,여동8,4.61E+18,거북섬,고시,소늑도 대늑도 사이에,256185.84,252971.04,0,,,POINT (256185.83937995645 252971.0381377794),34.87113584334135,127.61451181612955
278,여동9,4.61E+18,중륵도,고시,소늑도와 대늑도 사이,256255.84,252830.04,0,,,POINT (256255.841088951 252830.03990736033),34.869861067506875,127.61526790838452
280,여동10,4.61E+18,대륵도,고시,섬의 암석이 미륵같은,256778.84,252626.05,1,,,POINT (256778.84137208876 252626.04866823123),34.86799332712634,127.62097381876893
281,여동11,4.61E+18,교도,고시,섬의 모양이 가마와 같,258240.85,251831.07,0,,,POINT (258240.84548782583 251831.07433729665),34.86074508888415,127.63690728895126
282,나진1,4.61E+18,마물도,고시,울을 돌로 쌓아서 성처,259330.09,234652.18,0,,,POINT (259330.09179974993 234652.17875177693),34.705838856598476,127.64760694535683
283,나진2,4.61E+18,장재도,고시,지형에 따라 천마산혈,257910.12,233159.17,0,,,POINT (257910.12071450346 233159.16558137198),34.692462652124775,127.63200603107315
284,나진3,4.61E+18,작은장재도,고시,간조시 장재도와 연결,258075.12,233173.17,0,,,POINT (258075.11968358653 233173.16791805823),34.69257949327339,127.63380763443871
285,용주1,4.61E+18,죽도,고시,섬에 대나무가 많다 하,257635.1,234436.16,0,,,POINT (257635.10346144647 234436.15509267693),34.70398863253002,127.62909184768148
286,이천1,4.61E+18,자래섬,고시,섬모양이 자라와 같다,251349.08,238227.04,0,,,POINT (251349.08000761186 238227.04404929694),34.73849382109568,127.56071315030138
287,이천2,4.61E+18,소운두도,고시,섬이 구름위에 떠있는,251665.08,237856.05,0,,,POINT (251665.08380029406 237856.05056220386),34.73513386278352,127.56414087909553
288,이천4,4.61E+18,오도,고시,,253273.07,238580.07,0,,,POINT (253273.06506420055 238580.0702738281),34.74157742142948,127.58174377953424
289,이천5,4.61E+18,대운두도,고시,섬이 구름위에 떠있는,251484.07,238858.04,1,,,POINT (251484.0701284649 238858.0427635993),34.74417472404695,127.56222565890795
290,이목1,4.61E+18,대락도,고시,이 섬의 크기가 소락도,250471.21,229328.08,0,,,POINT (250471.21375236055 229328.07680823992),34.658323551711625,127.55059595530768
291,이목2,4.61E+18,소락도,고시,섬의 위치가 마을 전면,250941.22,229050.08,0,,,POINT (250941.21542275185 229050.08503451204),34.65579442122172,127.55570640696864
292,안포1,4.61E+18,목도,고시,섬의 모양이 나비와 같,258352.18,229270.19,0,,,POINT (258352.1752003486 229270.19164757908),34.65738321032321,127.63656195441186
293,안포2,4.61E+18,돌섬,고시,간조시 윗쪽에 있는 목,258653.18,229005.2,0,,,POINT (258653.1775644761 229005.19736462977),34.654977461936284,127.63982701600035
294,안포3,4.61E+18,삼도첫섬,고시,간조시 3개의 섬이 연,259542.2,226937.22,0,,,POINT (259542.20327896212 226937.22067653603),34.63628587258453,127.64937912672542
295,안포4,4.61E+18,애기삼섬,고시,간조시 3개의 섬이 연,259437.2,226916.22,0,,,POINT (259437.20410397885 226916.21925222687),34.63610267452845,127.64823256788029
296,안포5,4.61E+18,삼도,고시,섬 세 개가 나란히 있,259326.21,226763.22,0,,,POINT (259326.206880618 226763.21840047237),34.634729990676654,127.64701145029646
297,안포6,4.61E+18,삼도끝섬,고시,간조시 3개의 섬이 연,259233.21,226521.22,0,,,POINT (259233.21086350488 226521.21825563203),34.63255402628126,127.64598033861769
298,유송1,4.61E+18,문서,고시,옛날 전설에 의하면 한,271256.28,217465.44,0,,,POINT (271256.2844362479 217465.43813136837),34.55016386446497,127.77633105610897
299,유송2,4.61E+18,작은가릿여,고시,대유마을 동북쪽에 있,270644.29,217065.43,0,,,POINT (270644.29320567695 217065.43112836615),34.54660050823337,127.7696308134732
300,유송6,4.61E+18,물목섬,고시,유송리 소유마을 동쪽,270688.32,215354.44,0,,,POINT (270688.31796411134 215354.4400353612),34.5311751299351,127.76996843729435
301,유송7,4.61E+18,형제도,고시,섬이 두 개가 나란히 ,270906.32,215320.44,0,,,POINT (270906.3174205171 215320.4433801775),34.5308536712146,127.77233996972046
302,유송8,4.61E+18,후서,고시,섬이 형제도 뒤에 있다,271887.31,215402.46,0,,,POINT (271887.31154911936 215402.45730447245),34.53152493724929,127.78303135063729
303,유송9,4.61E+18,수항도,고시,이 섬에 물이 부족하여,270925.31,215941.44,1,,,POINT (270925.30826853245 215941.44066202274),34.5364498734739,127.77259850532124
304,안도1,4.61E+18,배다서,고시,이 섬은 항상 물위에 ,274260.3,215411.49,0,,,POINT (274260.3001342301 215411.49193558987),34.531437882601764,127.80887765460658
305,안도2,4.61E+18,작은배대기여,현지,외삼도 북쪽에 위치하,274228.3,215220.49,0,,,POINT (274228.3030784117 215220.49238437356),34.529718587058795,127.80851248539591
306,안도3,4.61E+18,외삼도,고시,섬이 세 개가 나란히 ,274425.32,213690.5,0,,,POINT (274425.3245052105 213690.5025944012),34.51591358732672,127.81052468112794
307,안도4,4.61E+18,구몽여,고시,안도의 외삼섬과 중삼,274216.33,213402.5,0,,,POINT (274216.32970113435 213402.5009181446),34.513332734410255,127.80822381926214
308,안도5,4.61E+18,중삼도,고시,섬이 세 개가 나란히 ,274038.33,213218.5,0,,,POINT (274038.33323036437 213218.49919782393),34.511687029474736,127.80626957386819
309,안도6,4.61E+18,초삼도,고시,섬이 세 개가 나란히 ,274020.35,212135.5,0,,,POINT (274020.3491277223 212135.5041085204),34.50192651544968,127.80597980801957
310,안도10,4.61E+18,대부도,고시,섬의 모양이 가마솥처,272723.39,209515.5,1,,,POINT (272723.3934458104 209515.49767462228),34.47840288948613,127.79163570106034
311,안도13,4.61E+18,안도,고시,유래는 리 유래와 동일,274454.37,210382.52,1,연도교,,POINT (274454.3726654318 210382.51879261195),34.48609444930252,127.81055235375275
312,연도1,4.61E+18,큰여,수치,,274040.41,207793.52,0,,,POINT (274040.4123535363 207793.52503619523),34.46278773661295,127.80582176972204
313,연도2,4.61E+18,검등여,고시,,272923.42,207524.51,0,,,POINT (272923.42150179535 207524.51003977534),34.46044247330159,127.79364305348955
314,연도3,4.61E+18,납작도,고시,연도 역포마을 서쪽에,272978.43,207207.51,0,,,POINT (272978.4258586874 207207.51234190562),34.45758122078343,127.79421463153439
315,연도4,4.61E+18,작은알마도,고시,역포마을 서쪽에 있는,271836.44,206686.5,0,,,POINT (271836.4387871245 206686.49819115608),34.45296504593804,127.78174376550538
316,두라1,4.61E+18,나발도,고시,옛날 어떤 풍수가 이 ,267906.27,219852.38,1,,,POINT (267906.26568964974 219852.37761672633),34.57190569699678,127.7400262778204
317,두라2,4.61E+18,소두리도,고시,옛날 풍수가 말하기를,268668.27,219170.39,1,,,POINT (268668.271967461 219170.39206344518),34.56570781742724,127.74827467719054
318,두라3,4.61E+18,대두리도,고시,옛날 풍수가 말하기를,267176.28,219092.37,1,,,POINT (267176.28029849194 219092.37067568424),34.565103134654336,127.73201156008017
319,화태2,4.61E+18,화태도,고시,리 유래와 같음.,267139.25,221314.36,1,,,POINT (267139.24806450086 221314.3592730139),34.585133966426454,127.73178356769947
320,횡간1,4.61E+18,큰여,고시,횡간도와 화태도 사이,268977.24,220929.39,0,,,POINT (268977.2447934918 220929.38799789775),34.581542213685516,127.75178396814647
321,횡간3,4.61E+18,몽여,고시,횡간도 남동쪽에 위치,270192.25,220277.41,0,,,POINT (270192.24845939275 220277.40893370932),34.57558320838925,127.76497150351788
322,횡간7,4.61E+18,소횡간도,고시,대횡간도와 유래는 상,270404.27,219078.42,1,,,POINT (270404.26495924767 219078.41786379548),34.56476141562611,127.76718268903431
323,횡간8,4.61E+18,대횡간도,고시,임란시 왜병들이 활을,269715.25,220466.4,1,,,POINT (269715.2479962714 220466.40104103537),34.57731916916626,127.7597889513322
324,백야1,4.61E+18,백야도,고시,산봉우리가 岩石이 많,258467.24,224604.22,1,연륙교,,POINT (258467.2425327936 224604.21667668992),34.615318463073216,127.6374951853934
325,월호1,4.61E+18,자봉도,고시,자봉리의 마을명을 따,262917.26,222062.29,1,,,POINT (262917.2576902228 222062.29403793794),34.59214289420729,127.68582443431522
326,월호3,4.61E+18,단도,고시,지방민들이 딴섬이라 ,263624.26,221883.31,0,,,POINT (263624.2568495367 221883.30521880073),34.59048605554854,127.69351712748069
327,월호4,4.61E+18,딴여,고시,화정면 월호도와 남면,266715.26,220753.36,0,,,POINT (266715.25830389926 220753.35583315027),34.580104887004524,127.72711857935131
328,월호5,4.61E+18,월호도,고시,리명을 따서 월호도라,265895.27,220012.35,1,,,POINT (265895.2730793234 220012.3475026443),34.57347851825615,127.71812482362617
329,개도1,4.61E+18,육고여,고시,,258617.33,218607.25,0,,,POINT (258617.32886943893 218607.2485809704),34.56125391245813,127.63871780871906
330,개도3,4.61E+18,납덕고여,고시,모전마을 육고여 끝에,258735.34,218089.25,0,,,POINT (258735.3358050924 218089.2528442489),34.55657796525632,127.6399678601463
331,개도5,4.61E+18,고여,고시,개도리 호령마을 남쪽,259439.35,216788.27,0,,,POINT (259448.1131101034 216784.49389892304),34.544810583242885,127.64754731716977
332,개도6,4.61E+18,아랫고여,고시,개도리 호령마을 남쪽,256534.37,216656.23,0,,,POINT (259541.07656833576 216654.98871276772),34.5437840972002,127.61589261833463
333,개도7,4.61E+18,야도,고시,섬 모양이 불 모양같이,262458.28,220587.29,0,,,POINT (262458.2813954732 220587.29462445225),34.57887553590062,127.68071324600425
334,개도8,4.61E+18,단도1,고시,지방민들이 딴섬이라 ,262454.31,218851.3,0,,,POINT (262454.3066600262 218851.3030981497),34.56322785298053,127.68054246683148
335,개도9,4.61E+18,바깥딴섬,고시,화정 개도 월항 정목리,262528.31,218755.3,0,,,POINT (262528.3076964078 218755.30464504176),34.56235802640062,127.68134171126437
336,개도10,4.61E+18,도막여,현지,화정면 제도리 남쪽에,263143.31,218511.31,0,,,POINT (263143.3082614591 218511.31478396995),34.56012115796235,127.68802454275155
337,제도3,4.61E+18,제도,고시,리명을 따서 제리도라,259616.27,222443.24,1,,,POINT (259854.11257716702 222525.57870405092),34.595773630260005,127.64987110588254
338,상화2,4.61E+18,상화도,고시,리명을 따라 상화도라,255078.29,222813.18,1,,,POINT (255078.28525296962 222813.1764020275),34.59936165899628,127.60042952607185
339,하화1,4.61E+18,부도,고시,가마솥(釜)과 같이 생,253414.33,220320.16,0,,,POINT (253414.32955805116 220320.16472785163),34.5769775367267,127.58213415339773
340,하화2,4.61E+18,소부도,고시,가마솥과 같이 생긴 섬,253727.32,220692.17,0,,,POINT (253727.3226343132 220692.1674047975),34.5803145144397,127.58556862277982
341,하화4,4.61E+18,장구도,고시,섬의 모양이 장구를 닮,255364.3,221725.19,0,,,POINT (255364.29961213458 221725.18597078545),34.58953920647875,127.6034763519078
342,하화5,4.61E+18,하화도,고시,리명을 따라서 하화도,256640.29,222028.2,1,,,POINT (256640.28893835092 222028.20296614373),34.59220094616338,127.61740426874333
343,하화6,4.61E+18,문여,고시,하화리 서쪽끝과 별도,255597.3,221658.19,0,,,POINT (255597.29943585346 221658.18968157884),34.58892268766303,127.60601156472629
344,낭도1,4.61E+18,납대도,고시,,248543.31,223055.08,0,,,POINT (248543.31415678014 223055.08062688168),34.60187190164079,127.52920590416029
345,낭도2,4.61E+18,대해도,고시,섬의 모양이 게와 같이,249062.32,222583.09,0,,,POINT (249062.31838943833 222583.09049698943),34.59759269709986,127.53483651872217
346,낭도3,4.61E+18,목도,고시,섬에 나무가 많아 나무,249286.33,221879.1,0,,,POINT (249286.3274418068 221879.0972681609),34.59123617646508,127.53723753924814
347,낭도4,4.61E+18,소해도,고시,바닷가에 살고 있는 게,249406.33,221862.1,0,,,POINT (249406.32709145534 221862.09908642288),34.59107717249989,127.53854453971483
348,낭도5,4.61E+18,문도,고시,섬의 모양이 문자형으,250496.34,220493.12,0,,,POINT (250496.3414585717 220493.12168496964),34.57868413106195,127.55034415339499
349,낭도6,4.61E+18,작은문도,고시,낭도 남서쪽에 위치한,250493.34,220407.12,0,,,POINT (250493.34271524096 220407.12207150407),34.57790907075372,127.5503063495873
350,낭도8,4.61E+18,사도,고시,섬에 모래가 많다 하여,250926.32,221894.12,1,,,POINT (250926.31909020094 221894.1208878283),34.591291562372696,127.55511415179969
351,낭도11,4.61E+18,중도,고시,사도와 추도 사이에 있,251250.32,221643.13,0,,,POINT (251250.32111334335 221643.1268282247),34.589013019538264,127.55863057067798
352,낭도12,4.61E+18,토도,고시,섬의 모양이 토끼와 같,251395.32,221337.13,0,,,POINT (251395.32481868702 221337.13045514765),34.5862474863746,127.56019249794214
353,낭도13,4.61E+18,납작여,고시,사도 동남쪽 장사도 앞,251749.32,221666.13,0,,,POINT (251749.31831116244 221666.13392822602),34.58919532373238,127.56407086028987
354,낭도14,4.61E+18,장사도,고시,섬의 모양이 뱀처럼 생,251831.32,221420.14,0,,,POINT (251831.32146236332 221420.13634399459),34.58697383392832,127.56494961896941
355,낭도16,4.61E+18,추도,고시,사도에 연결된 추가 있,252113.31,222036.14,1,,,POINT (252113.31115913286 222036.1373425558),34.592512190834135,127.5680609032777
356,낭도17,4.61E+18,뒷여,고시,낭도 추도 뒤쪽에 위치,252343.31,221863.14,0,,,POINT (252343.3125237392 221863.14153519308),34.59094107423509,127.5705572465456
357,낭도18,4.61E+18,하계도,고시,섬 모양이 닭처럼 생긴,253088.3,222653.15,0,,,POINT (253088.2974059161 222653.14836796914),34.59802396927683,127.57872687384756
358,낭도19,4.61E+18,살피도,수치,낭도  동쪽끝에있는 섬,251937.28,224348.12,0,,,POINT (251937.27857431246 224348.12320483662),34.61336125452806,127.5662836204857
359,낭도20,4.61E+18,상계도,고시,섬 모양이 닭처럼 생긴,253694.27,224423.15,0,,,POINT (253694.26876406526 224423.14828470116),34.613947149029435,127.58544434878307
360,낭도21,4.61E+18,서끝섬,고시,낭도리 상계도 서남쪽,253471.27,224129.15,0,,,POINT (253471.27413069335 224129.14652614895),34.61130869355985,127.58299449876989
361,낭도22,4.61E+18,낭도,고시,구조선 말엽에 이리도,250071.3,223725.1,1,,,POINT (250071.29686863767 223725.0993357533),34.60783808790454,127.54590249908532
362,조발1,4.61E+18,오도,고시,섬에 머귀나무가 많다,249488.25,226973.07,0,,,POINT (249488.2527966394 226973.074508604),34.63714354508044,127.53973557125592
364,적금2,4.61E+18,소당도,고시,만조가 되면 작은섬이,247467.26,227303.04,0,,,POINT (247467.2581638592 227303.043596139),34.64021344510172,127.51771326696624
365,거문25,4.61E+18,새알다랭이딴여,고시,하백도내의 무인도로 ,255913.17,160724.48,0,,,POINT (255913.16919058337 160724.48060708685),34.03962824982282,127.60549761626976
366,적금5,4.61E+18,상과도,고시,섬 모양이 오이처럼 생,248164.28,225811.06,0,,,POINT (248164.2762348422 225811.06123844621),34.62673223137168,127.5252304285173
367,적금8,4.61E+18,오도,수치,,248420.28,225657.07,0,,,POINT (248420.27717920236 225657.06571863662),34.625332112253275,127.52801320518131
368,적금9,4.61E+18,하과도,수치,,248877.28,225534.07,0,,,POINT (248877.27667109383 225534.07294838497),34.62420171715164,127.53298941707753
369,적금10,4.61E+18,등대섬,고시,개똥여라 부르고 있으,248302.29,225122.07,0,,,POINT (248302.28550181375 225122.06671816332),34.62051517825746,127.52669612567242
370,적금11,4.61E+18,머금섬,수치,,249425.28,224791.08,0,,,POINT (249425.28467605004 224791.08462456334),34.617478151184265,127.53892163415793
371,적금12,4.61E+18,적금도,고시,리명을 따서 적금도라,247131.28,226020.05,1,,,POINT (247131.27839235566 226020.04525055026),34.62866405634391,127.51397760817453
372,여자1,4.61E+18,죽도,고시,섬에 대나무가 많다 하,242906.11,238975.92,0,,,POINT (242906.11242590004 238975.9174929792),34.745633680851924,127.46856011755648
373,여자2,4.61E+18,매물섬,고시,토질이 척박하여 작물,245352.09,239862.95,0,,,POINT (245352.0869497472 239862.9483598809),34.75352355956934,127.49531853929665
374,여자3,4.61E+18,동굴섬,고시,,246003.06,241397.95,0,,,POINT (246003.06129331113 241397.9498216118),34.76733068375623,127.50251177992334
375,여자4,4.61E+18,납계도,고시,,246258.06,241155.95,0,,,POINT (246258.06349555313 241155.95479034644),34.765137808963885,127.5052838687748
376,여자8,4.61E+18,돈북섬,고시,동백꽃이 피는 섬이라,247233.08,239445.98,0,,,POINT (247233.0833331444 239445.97785644623),34.74967977058552,127.51583791450815
377,여자9,4.61E+18,송여자도,고시,소나무가 많은데서 유,246938.07,240402.97,1,,,POINT (246938.07093898286 240402.96859657363),34.758319527374255,127.51266949994493
378,여자10,4.61E+18,대여자도,고시,여자리에 유인도가 두,245645.08,240395.95,1,,,POINT (245645.07769937668 240395.9498406028),34.758314887151876,127.49854723507461
383,거문5,4.61E+18,새퉁이밖여,고시,상백도내의 무인도로 ,253793.14,163544.44,0,,,POINT (253793.13873354797 163544.43817833439),34.06516045215702,127.58271425498609
384,거문6,4.61E+18,새퉁이안여,고시,상백도내의 무인도로 ,253879.14,163475.44,0,,,POINT (253879.13932725275 163475.43969910708),34.06453401434219,127.58364154301297
385,거문7,4.61E+18,병풍바위,고시,상백도내의 무인도로 ,253810.14,163377.44,0,,,POINT (253810.1410133622 163377.43916318147),34.06365411568581,127.58288809082578
386,거문8,4.61E+18,여병풍바위,고시,상백도내의 무인도로 ,253873.14,163304.44,0,,,POINT (253873.1417649286 163304.4403772399),34.06299280069899,127.58356598420163
388,거문13,4.61E+18,형제바위,고시,상백도내의 무인도로 2,253843.15,162718.44,0,,,POINT (253843.15015857742 162718.44256614707),34.0577116958503,127.58320495389928
389,거문15,4.61E+18,가마웃섬,고시,상백도내의 무인도로 ,253754.16,162109.44,0,,,POINT (253754.15913326672 162109.4440229545),34.05222627331908,127.58220356285959
390,거문16,4.61E+18,진도허리밖여,고시,상백도내의 무인도로 ,253962.16,162191.45,0,,,POINT (253962.15706297048 162191.44658984197),34.052954884323306,127.58446135173413
391,거문17,4.61E+18,나라섬밖여,현지,거문도 주민들이 나리,254291.16,162099.45,0,,,POINT (254291.15691345977 162099.45163703646),34.05210853321269,127.58801884317006
392,거문18,4.61E+18,노적섬,고시,상백도내의 무인도로 ,254524.16,162089.45,0,,,POINT (254524.15603072487 162089.45496668434),34.05200628882473,127.59054168629925
393,거문19,4.61E+18,나룻섬,고시,상백도내의 무인도로 ,254388.16,162010.45,0,,,POINT (254388.15774184192 162010.45340024505),34.05130118995012,127.58906383672428
394,거문20,4.61E+18,탕근여,고시,무인도로 예부터 입에,254280.16,161883.45,0,,,POINT (254280.16000638803 161883.45244210784),34.05016191452647,127.58788626887296
395,거문21,4.61E+18,오리섬,고시,상백도내의 무인도로 ,254224.16,161727.45,0,,,POINT (254224.16245097938 161727.45234592474),34.04875851005369,127.58727008743772
396,거문22,4.61E+18,옷섬안여,고시,상백도내의 무인도로 ,254245.16,161694.45,0,,,POINT (254245.16282383673 161694.45278854482),34.04845993610836,127.58749546379278
397,거문23,4.61E+18,옷섬밖여,고시,상백도내의 무인도로 ,254263.16,161605.45,0,,,POINT (254263.16399907315 161605.45343761996),34.04765669014046,127.58768486611828
398,거문24,4.61E+18,동암,수치,상백도 동쪽에 위치한,255722.14,162503.47,0,,,POINT (255722.14493108125 162503.4700281325),34.055675554198416,127.60354262427188
399,거문26,4.61E+18,볼락군여,고시,하백도내의 무인도로,255776.17,160575.48,0,,,POINT (255776.17189046097 160575.47933392978),34.0382923488005,127.6040045603551
400,거문27,4.61E+18,말다랭이섬,고시,하백도내의 무인도로 ,255942.17,160560.48,0,,,POINT (255942.1713764934 160560.48174133728),34.03814828385152,127.60580113810039
401,거문28,4.61E+18,각시움통섬,고시,하백도내의 무인도로 ,255971.17,160363.48,0,,,POINT (255971.17402763022 160363.48302113428),34.036370830038315,127.60610253391577
402,거문30,4.61E+18,서방바위,고시,하백도내의 무인도로 ,255823.18,160166.48,0,,,POINT (255823.17745146618 160166.48180466855),34.034602811847456,127.6044874560658
403,거문31,4.61E+18,얕은도여,고시,하백도내의 무인도로 ,256130.18,160105.49,0,,,POINT (256144.73081812094 160112.10169737868),34.03403661440703,127.60780775449851
404,거문34,4.61E+18,통퇴여,고시,하백도내의 무인도로 ,256208.18,159644.49,0,,,POINT (256229.35238861706 159972.60807209706),34.02987663423282,127.60862266218848
405,거문35,4.61E+18,흔덕여,고시,하백도내의 무인도로 ,256074.18,159904.49,0,,,POINT (256074.18004950386 159904.48650094873),34.032227644314986,127.60718847721552
406,거문36,4.61E+18,동퇴섬,고시,하백도내의 무인도로 ,256264.18,159815.49,0,,,POINT (256264.18047553225 159815.4895729613),34.03141515499061,127.6092400188247
407,거문37,4.61E+18,아리딴섬,고시,하백도내의 무인도로 ,256448.18,159725.49,0,,,POINT (256448.18094229867 159725.49256479967),34.0305939399496,127.61122649090059
408,거문38,4.61E+18,중앙진섬,고시,하백도내의 무인도로 ,256324.18,159614.49,0,,,POINT (256324.18304782314 159614.4913057133),34.029599968540616,127.60987671382186
409,거문39,4.61E+18,딴섬,고시,하백도내의 무인도로 ,256559.18,159637.49,0,,,POINT (256559.18169940164 159637.4945182858),34.02979466174113,127.61242264991814
420,동도13,4.61E+18,문도,수치,,246952.09,168983.32,0,,,POINT (247309.32338881778 169049.47021971684),34.11451999292518,127.50890462947606
421,동도14,4.61E+18,문서,수치,,251784.03,171839.37,0,,,POINT (251804.93519071842 171919.9466996119),34.14003824507788,127.5614451706427
422,동도15,4.61E+18,안모기여,고시,거문도와 백도사이에 ,251644.03,171626.37,0,,,POINT (251670.23113926832 171708.6656662157),34.138125050370995,127.55991468203283
423,동도16,4.61E+18,작은모기여,고시,거문도와 백도사이에 ,251778.03,171620.37,0,,,POINT (251758.98139281938 171748.9746378105),34.1380643288429,127.56136706550281
447,손죽11,4.61E+18,소평서,고시,평도 본섬에서 떨어져,241516.89,184903.17,0,,,POINT (241516.89308238094 184903.166637082),34.25826356618792,127.45075801179053
448,손죽14,4.61E+18,시와여,고시,평도 동쪽에 주민들이,242030.91,183547.18,0,,,POINT (242030.90983435704 183547.18031120504),34.24601913541494,127.45627269866051
450,손죽17,4.61E+18,평도,고시,"섬이 평평하다 하여, ",241517.91,183479.17,1,,,POINT (241517.91319010942 183479.17338667804),34.24542664599495,127.45070063642625
451,손죽18,4.61E+18,검등여,고시,섬전체가 검은데서 유래,242445.92,182788.19,0,,,POINT (242445.9186189569 182788.18975293153),34.23916024698642,127.46074049105313
452,손죽19,4.61E+18,갈퀴섬,수치,,242365.93,181730.19,0,,,POINT (242381.8108609054 181851.91500675288),34.22962597844722,127.45982039252361
453,손죽21,4.61E+18,아랫부리섬,고시,평도밑의 갈키섬 하단,243077.94,181414.21,0,,,POINT (243077.93508288832 181414.20514097397),34.22674830132925,127.46753225737531
454,손죽22,4.61E+18,광도,고시,처음에는 사림도라 부,249163.85,185691.27,1,,,POINT (249163.84626546124 185691.27126343083),34.265034515408004,127.53382469564956
455,손죽28,4.61E+18,소두래기섬,현지,삼산면 광도 하단 대두,249341.88,183479.28,0,,,POINT (249341.8768434205 183479.28415015095),34.24508600375023,127.53563130100358
456,손죽29,4.61E+18,대두역서,고시,섬의 형태가 큰머리 같,249371.88,183222.29,0,,,POINT (249371.8803514841 183222.28577644663),34.242767929215155,127.53594226965981
458,해룡1,4.62E+18,사기도,수치,,247293.92,250663.92,0,,,POINT (247293.9195659703 250663.9199736907),34.85079281464434,127.51713340047722
555,오취-4,4.68E+18,비사도,고시,옛날 비사(飛巳날으는,241875.81,219107.13,0,,,POINT (241875.80822969548 219107.13351050514),34.56657802732647,127.45632627188746
556,오취-5,4.68E+18,비사도-1,부여,,242375.93,218486.0,0,,,POINT (242375.9326531511 218485.9978198037),34.56095855137451,127.46174504483261
557,오취-6,4.68E+18,비사도-2,부여,,242244.7,219175.73,0,,,POINT (242244.7044050666 219175.7254614954),34.56718130814012,127.46034940888836
558,오취-7,4.68E+18,비사도-3,부여,,242186.51,218893.69,0,,,POINT (242186.51374428172 218893.6940471629),34.56464133621167,127.45970132781704
563,오취-14,4.68E+18,추도,현지,현지에서 불리우는 명,242301.16,217970.64,0,,,POINT (242301.15842219532 217970.63733932225),34.55631607350929,127.46090472000206
564,오취-12,4.68E+18,달리도,현지,현지에서 불리우는 명,242158.69,217907.87,0,,,POINT (242158.68903177368 217907.8716102548),34.55575610212986,127.45934933028839
565,오취-13,4.68E+18,초도,현지,현지에서 불리우는 명,241558.42,219888.62,0,,,POINT (241558.4215958289 219888.6190096626),34.573635406060646,127.45290592269471
566,오취-14,4.68E+18,오도,현지,현지에서 불리우는 명,241695.81,219532.48,0,,,POINT (241695.81302225118 219532.47878057673),34.57041952952432,127.45438569899515
594,예내-1,4.68E+18,대항도,고시,육지와 가까이 있는 섬,249797.96,205390.26,0,,,POINT (249797.9571714223 205390.26413899485),34.44257868535046,127.54185110065221
595,예내-2,4.68E+18,대항도-1,부여,대항도 인근의 섬,250166.29,205439.14,0,,미등록섬,POINT (250166.28969766534 205439.1411831833),34.44300147670716,127.54586160167472
596,예내-3,4.68E+18,대항도-2,부여,대항도 인근의 섬,250220.78,205397.51,0,,미등록섬,POINT (250220.78003241302 205397.51216723822),34.44262356528387,127.5464520425589
597,예내-4,4.68E+18,대항도-3,부여,대항도 인근의 섬,249351.93,204681.46,0,,미등록섬,POINT (249351.93447650553 204681.463194406),34.43621078141888,127.53695716596175
598,예내-5,4.68E+18,창끝,현지,섬모양이 창의 끝과 같,246808.67,208307.61,0,,미등록섬,POINT (246808.67481874418 208307.6090219615),34.469016313965064,127.50948553582953
599,예내-6,4.68E+18,창끝-1,부여,창끝 인근의 섬,246916.92,208483.65,0,,미등록섬,POINT (246916.92177006535 208483.64970834076),34.47059826796139,127.51067339937161
600,예내-7,4.68E+18,외나라도,수치,군마나 관아에서 쓰는,246069.74,205543.62,1,연도교,,POINT (246069.73797205277 205543.61899366626),34.444134153396654,127.50129405880462
601,외초-1,4.68E+18,곡두도,고시,섬의 모양이 꼭두머리,245434.89,200518.93,0,,,POINT (245434.88780762666 200518.92540631333),34.398867935626434,127.49411982267625
602,외초-2,4.68E+18,곡두도-1,고시,곡두도 인근의 섬,245772.06,200337.31,0,,,POINT (245772.05578129846 200337.30609811516),34.39721587930787,127.49777684482176
603,외초-3,4.68E+18,탕건도,행정,머리에 상투를 꼽고 그,246941.03,196957.76,0,,,POINT (241924.5613995599 201759.00396566733),34.36669891166488,127.51030425001593
611,백양-1,4.68E+18,죽도,행정,섬에 있는 나무가 마치,242630.87,212793.53,0,,,POINT (242630.87200563823 212793.52897749143),34.50963479657834,127.46423797716932
612,백양-2,4.68E+18,동백도,고시,이 섬은 옛부터 동백꽃,243008.45,213241.0,0,,,POINT (243008.4547357792 213240.99615754577),34.513652712591536,127.46837216307748
613,백양-3,4.68E+18,성주도,고시,성주도 또는 성계섬이,241592.55,212967.0,0,,,POINT (241592.55164250737 212966.9972458813),34.5112409460768,127.45293974576319
614,백양-4,4.68E+18,형제섬,행정,섬 2개가 마치 형제처,241578.97,213022.07,0,,미등록섬,POINT (241578.97292131497 213022.07077674125),34.51173791050171,127.45279454982156
615,백양-5,4.68E+18,내나로도,수치,군마나 관아에서 쓰는,242257.15,212683.76,1,연도교,,POINT (242257.15041892693 212683.76217246824),34.50866069686606,127.4601629507167
616,봉영-1,4.68E+18,항도,행정,바닷물이 빠지면 잘록,245950.4,212147.3,0,,,POINT (245935.36219758555 212166.55683669698),34.50366682597902,127.50035072237311
617,봉영-2,4.68E+18,발도,행정,동쪽의 외롭께 떠있는,244892.08,213028.94,0,,,POINT (244892.07550483287 213028.94421680435),34.51166078625802,127.48887352827902
618,봉영-3,4.68E+18,봉남도,현지,이름모를 큰새나 섬에,244593.97,210165.66,0,,미등록섬,POINT (244593.96900073162 210165.6581346618),34.48586340304291,127.48547758153045
619,봉영-4,4.68E+18,봉남도-1,부여,,245958.49,210489.89,0,,미등록섬,POINT (245958.48768561205 210489.88608617865),34.4887261787303,127.50034955254485
620,봉영-5,4.68E+18,봉남도-2,부여,,246223.99,210512.96,0,,미등록섬,POINT (246223.98605807102 210512.95977910026),34.488922268389665,127.50324119902153
621,봉영-6,4.68E+18,바래도,행정,섬 모양이 마치 밭처럼,244818.15,213051.33,0,,미등록섬,POINT (244818.1465471812 213051.3270451742),34.51186583397103,127.48806963517721
622,여호-1,4.68E+18,원주도,고시,지형이 구슬같다고 하,243261.68,230481.84,1,연도교,,POINT (243261.67948533682 230481.83658582193),34.66905336421525,127.47200793333573
623,여호-2,4.68E+18,묵도,고시,마을이름을 쇠머리라 ,243945.08,229493.0,0,,,POINT (243945.07829672538 229492.99852696894),34.66011084854056,127.47941261726596
626,여호-2,4.68E+18,죽도,행정,대나무가 많이 자란다,243172.77,229810.51,1,연륙교,,POINT (243172.76562950137 229810.507747287),34.66300573069277,127.47100365907467
634,남열-1,4.68E+18,대옥대도,고시,옛날 풍수가 이 섬의 ,243032.65,219232.96,1,,,POINT (243032.64965563192 219232.95949122886),34.56766450805052,127.46893851058161
635,남열-2,4.68E+18,대옥대도-1,부여,,243189.54,219402.09,0,,미등록섬,POINT (243189.54344404663 219402.0918938836),34.56918249517856,127.47065672290208
636,남열-3,4.68E+18,대옥대도-2,부여,,243236.66,219376.92,0,,미등록섬,POINT (243236.66357091037 219376.92269777355),34.56895362772267,127.47116891654747
637,남열-4,4.68E+18,소옥대도,고시,옛날 풍수가 이 섬의 ,243510.67,219724.63,0,,,POINT (243510.67320878376 219724.63288487226),34.572076380502786,127.47417262741565
638,남열-5,4.68E+18,소옥대도-1,부여,,243497.88,219949.7,0,,미등록섬,POINT (243497.8840374474 219949.70356708678),34.574105738531934,127.47404476372344
639,남열-6,4.68E+18,용바위,현지,마치 용머리처럼 생겼,245502.73,221230.9,0,,미등록섬,POINT (245502.72561074697 221230.8959610021),34.58556782197265,127.49596173198704
640,남열-7,4.68E+18,용바위-1,부여,,245545.57,227293.0,0,,미등록섬,POINT (245544.84458868127 221292.94137568417),34.640210114752875,127.49675405703917
641,우천-1,4.68E+18,외매물도,고시,매일 조수의 간만의 차,247055.06,222573.67,0,,,POINT (247055.06452051172 222573.67357086437),34.59760172693413,127.51295531269663
642,우천-2,4.68E+18,내매몰도,고시,매일 조수의 간만의 차,246652.56,222363.14,0,,,POINT (246633.0385037723 222372.0395288556),34.59572235854509,127.50855617803543
643,우천-3,4.68E+18,내매몰도-1,부여,,247019.38,222489.04,0,,미등록섬,POINT (247019.3799190421 222489.0414826027),34.59684050051909,127.51256168648568
645,백일-1,4.68E+18,원주도-1,고시,지형이 구슬같다고 하,243079.58,231085.33,0,,,POINT (243079.58469569508 231085.32885478373),34.674500909798155,127.47005191405351
655,백일-10,4.68E+18,문도,행정,"해섬', '새섬'이라 불리",241238.69,234554.89,0,,,POINT (241238.69297966006 234554.89134405943),34.705851374253825,127.45013534178662
656,백일-11,4.68E+18,적도,행정,아랫돈배섬이라 불리,241809.22,231590.75,0,,,POINT (241809.21886913432 231590.74890747562),34.679109438926375,127.45621608050598
657,백일-12,4.68E+18,소백일도,행정,백일일도 인근에 있는,241722.0,233328.68,0,,미등록섬,POINT (241722.07977510084 233570.45826499315),34.69477872255561,127.4553501448565
658,백일-13,4.68E+18,컬도,고시,지명고시가 되어 있으,243205.42,231742.3,0,,,POINT (243205.4235648148 231742.30329338735),34.68041754017118,127.47145850381803
659,백일-14,4.68E+18,길마도,행정,섬의 모양이 짐을 나르,241531.95,232201.92,0,,,POINT (241551.36881949453 232202.53656922572),34.68462982589827,127.45322065222126
660,백일-15,4.68E+18,해화도,고시,화해승루의 명지가  있,242068.06,232630.5,0,,,POINT (242068.06353465508 232630.49928251264),34.68847115652375,127.45909215556834
666,신곡-1,4.68E+18,우모도,행정,여의도'라고 불리우며,241484.53,230729.02,0,,,POINT (241484.52795950617 230729.01866043487),34.67135498327648,127.45263094769938
691,장도1,4.68E+18,가지도,고시,섬의 형상이 나뭇가지,241287.02,246207.86,0,,,POINT (241287.015912337 246207.85602729965),34.81088828885564,127.45123397055922
705,장도15,4.68E+18,다래도,고시,섬의 형태가 다래형상,241619.08,241435.89,0,,,POINT (241619.08342817856 241435.88597383694),34.76786089447424,127.45462690697711
706,장도16,4.68E+18,동도,고시,장도의 동쪽에 위치한,242108.05,243483.88,0,,,POINT (242108.05117932038 243483.88231423218),34.78630115847908,127.46007049032045
707,장도17,4.68E+18,효도,고시,섬의 형상이 무릎을 꿇,243326.05,243156.9,0,,,POINT (243326.04959485726 243156.9017187116),34.78330278726306,127.47336106365923
708,장도18,4.68E+18,죽1도,고시,죽도에서 첫번째 근거,243046.05,243309.9,0,,,POINT (243046.04882751813 243309.89684865193),34.784693763572164,127.470309828089
709,장도19,4.68E+18,죽2도,고시,죽도에서 두번째 근거,243793.04,243810.91,0,,,POINT (243793.03766797134 243810.90507116227),34.789177980263474,127.47849707569017
710,장도20,4.68E+18,소도,고시,장도에서 동북방향으,243391.03,244150.9,0,,,POINT (243391.0348174595 244150.8974427057),34.7922597820041,127.47412225647787
711,장도21,4.68E+18,장도,고시,"옛날에는 낙안, 그 후",241822.04,244060.88,1,,,POINT (241822.0442934841 244060.87512609322),34.79151392663118,127.4569743352933
1808,조발2,4.61E+18,조발2,,,249114.26,226436.07,0,,,POINT (249117.67098374997 226524.1071409303),34.632321018999164,127.5356257511223
1861,안도11,4.61E+18,안도11,,,273850.4,208742.52,0,,,POINT (273850.3994154353 208742.51777083921),34.47135538516088,127.80383597239734
1885,횡간6,4.61E+18,횡간6,,,270520.27,218964.42,0,,,POINT (270520.2660674465 218964.42011245765),34.56372590759421,127.76843716799735
1910,신월1,4.61E+18,신월1,,,263693.05,236169.23,0,,,POINT (263693.04775106994 236169.23493611004),34.71925053489294,127.6953414925704
1911,경호2,4.61E+18,경호2,,,264996.04,236007.25,0,,,POINT (264996.0436176924 236007.2548648981),34.71770850402486,127.70955289769144
1912,월내1,4.61E+18,월내1,,,266063.8,252108.19,0,,,POINT (266063.8011114405 252108.18828042474),34.86276473843249,127.72247327280668
1913,개도11,4.61E+18,개도11,,,263114.31,218406.31,0,,,POINT (263114.30992869247 218406.31487663987),34.55917648544543,127.68770078224357
1914,금성1,4.61E+18,금성1,,,269302.23,222085.39,0,,,POINT (269302.22632917593 222085.3870978608),34.59194013875965,127.75542006210699
1915,봉전2,4.61E+18,봉전2,,,268701.88,245653.26,0,,,POINT (248700.3093726498 245654.18342592678),34.804409667556065,127.75079279169341
1916,여동1,4.61E+18,여동1,,,254896.81,255275.01,0,,매립,POINT (254896.81222393096 255275.00705020566),34.89197314066489,127.60056527197712
1918,심장1,4.61E+18,심장1,,,270582.38,210893.46,0,,,POINT (270582.3834774318 210893.45991586405),34.49097225784378,127.76844536147424
1919,심장2,4.61E+18,심장2,,,270527.39,210775.46,0,,,POINT (270527.38545536494 210775.45967942482),34.48991239528219,127.76783697214118
1920,심장3,4.61E+18,심장3,,,270422.39,210719.46,0,,,POINT (270422.3867671364 210719.4584185693),34.48941480081577,127.76668930009852
1921,심장4,4.61E+18,심장4,,,270784.39,210726.46,0,,,POINT (270784.384953445 210726.4636557529),34.48945310792912,127.77063066452178
1922,심장5,4.61E+18,심장5,,,270854.39,210538.47,0,,,POINT (270854.38735960424 210538.46557353478),34.48775380046029,127.77137709254843
1923,유송4,4.61E+18,유송4,,,270705.31,215748.44,0,,,POINT (270705.3121349109 215748.43838265497),34.534725365089265,127.77018618736855
1924,유송5,4.61E+18,유송5,,,271250.31,215817.45,0,,,POINT (271250.308527425 215817.4460044012),34.5353098181293,127.77612811381678
1925,안도7,4.61E+18,안도7,,,275655.35,211325.53,0,,,POINT (275655.3532530924 211325.53184488264),34.494507001768696,127.82370929178627
1926,안도8,4.61E+18,안도8,,,275610.37,209854.54,0,,,POINT (275610.3749431711 209854.53817200125),34.481251296921435,127.82308933704373
1927,안도9,4.61E+18,안도9,,,272895.39,209878.5,0,,,POINT (272895.3873474153 209878.49845400994),34.481662735196814,127.79353884268792
1928,안도12,4.61E+18,안도12,,,272742.4,209073.5,0,,,POINT (272742.3997951521 209073.500053128),34.47441747258365,127.79180498020838
1930,연도6,4.61E+18,연도6,,,272243.44,206646.5,0,,,POINT (272243.43746285845 206646.50430109084),34.45257609478747,127.78616910507988
1931,연도7,4.61E+18,연도7,,,275046.43,206542.55,0,,,POINT (275046.4258806667 206542.5456059783),34.451439179048734,127.81666005940303
1932,연도8,4.61E+18,연도8,,,272105.47,204117.51,0,,,POINT (272105.4748715779 204117.5142397678),34.42978989098711,127.7844547109375
1933,화태1,4.61E+18,화태1,,,267944.26,220409.38,0,,,POINT (267944.25737743214 220409.37545144872),34.57692382352417,127.74048477021597
1934,횡간2,4.61E+18,횡간2,,,269951.24,220989.4,0,,,POINT (269951.23921456834 220989.40194038738),34.582017275923135,127.76240372376672
1935,횡간4,4.61E+18,횡간4,,,269886.25,220149.41,0,,,POINT (269886.2518039703 220149.40508471505),34.57445031285049,127.76162638224004
1936,횡간5,4.61E+18,횡간5,,,270598.26,219197.42,0,,,POINT (270598.26228850434 219197.4201206352),34.56582073954024,127.7693062730011
1937,월호2,4.61E+18,월호2,,,262800.26,221643.29,0,,,POINT (262800.2643613516 221643.29440037184),34.588373273617336,127.68451818923259
1938,개도2,4.61E+18,개도2,,,258657.34,218037.25,0,,,POINT (258657.3369389025 218037.2519692803),34.55611369257524,127.63911445058069
1939,개도4,4.61E+18,개도4,,,258772.34,218070.25,0,,,POINT (258772.33590035097 218070.25347433612),34.55640458685658,127.64036966970338
1940,상화1,4.61E+18,상화1,,,254495.29,222613.17,0,,,POINT (254495.29103013352 222613.16894947086),34.597589886805174,127.5940614867898
1941,하화3,4.61E+18,하화3,,,255084.3,221662.18,0,,,POINT (255084.30190418885 221662.18222652795),34.58898629126191,127.60042038681775
1942,낭도7,4.61E+18,낭도7,,,250529.34,220385.12,0,,,POINT (250529.3428549153 220385.12270137388),34.5777089922662,127.55069737505282
1943,낭도9,4.61E+18,낭도9,,,251249.31,222247.12,0,,,POINT (251249.312386669 222247.12378955417),34.59445744226011,127.55865600503678
1944,낭도10,4.61E+18,낭도10,,,250920.32,221573.12,0,,,POINT (250920.3237590321 221573.12240841024),34.58839835973953,127.55502951042327
1945,낭도15,4.61E+18,낭도15,,,252130.31,222183.14,0,,,POINT (252130.30894861103 222183.13685309188),34.59383638518207,127.56825522629188
1946,조발5,4.61E+18,조발5,,,250316.26,226387.09,0,,,POINT (250316.25713530811 226387.0894598416),34.631821245865986,127.54873097908144
1947,조발7,4.61E+18,조발7,,,251631.23,227753.1,0,,,POINT (251631.23076973663 227753.10160875035),34.64406901397744,127.56315418735997
1948,조발8,4.61E+18,조발8,,,251619.23,227700.1,0,,,POINT (251619.2315981108 227700.10170273785),34.64359188018871,127.56302007685524
1949,적금3,4.61E+18,적금3,,,247132.29,225068.05,0,,,POINT (247132.29213696902 225068.05008769734),34.62008265489777,127.51393571046579
1950,적금4,4.61E+18,적금4,,,247226.29,225028.05,0,,,POINT (247226.2922438746 225028.0516477279),34.61971777113065,127.51495843320126
1951,적금6,4.61E+18,적금6,,,248536.27,225964.07,0,,,POINT (248536.27216034208 225964.06584259932),34.62809392964457,127.52929557780675
1952,적금7,4.61E+18,적금7,,,248567.27,225862.07,0,,,POINT (248567.27347985847 225862.0668069828),34.627173034154346,127.52962778223511
1953,여자5,4.61E+18,여자5,,,246547.07,240359.96,0,,,POINT (246547.07357637718 240359.96313591022),34.75794974675869,127.50839667190131
1954,여자6,4.61E+18,여자6,,,246805.08,240149.97,0,,,POINT (246805.07530087105 240149.96797834116),34.756045133639525,127.51120294507164
1955,여자7,4.61E+18,여자7,,,246488.08,240032.96,0,,,POINT (246488.07863209824 240032.9639789806),34.755004908832824,127.50773435028582
1956,거문14,4.61E+18,거문14,,,253933.15,162476.44,0,,,POINT (253933.15317359357 162476.44491265726),34.0555254950919,127.58416478306475
1957,거문29,4.61E+18,거문29,,,256040.18,160211.48,0,,,POINT (256040.17586951383 160211.48466579273),34.03499690167045,127.60684003761334
1958,거문32,4.61E+18,거문32,,,256044.18,160024.49,0,,,POINT (256044.17848860583 160024.48554811446),34.033311018808696,127.60687134663577
1959,거문33,4.61E+18,거문33,,,256108.18,160022.49,0,,,POINT (256108.17823751026 160022.48645942716),34.03328956707744,127.60756420444278
1960,거문40,4.61E+18,거문40,,,256195.19,159499.49,0,,,POINT (256195.18523129186 159499.48999398068),34.02857019012527,127.60847268249468
1967,동도17,4.61E+18,동도17,,,251792.98,171700.55,0,,,POINT (251792.98249069272 171700.55318327644),34.13878638434337,127.5615339247
1968,동도18,4.61E+18,동도18,,,251846.21,171679.45,0,,,POINT (251846.2125495603 171679.45403185056),34.13859353405717,127.56210975474896
1969,동도19,4.61E+18,동도19,,,247702.99,168850.53,0,,,POINT (247702.99109512594 168850.52843929804),34.11328892939682,127.51703591646125
1981,손죽12,4.61E+18,손죽12,,,241511.9,184532.17,0,,,POINT (241511.89834701153 184532.16832302796),34.254919328164064,127.45068600076397
1982,손죽13,4.61E+18,손죽13,,,241503.91,184011.17,0,,,POINT (241503.9057432085 184011.17067473935),34.25022300831735,127.45057422127186
1983,손죽15,4.61E+18,손죽15,,,241480.92,182907.18,0,,,POINT (241480.92143788846 182907.17556469253),34.24027181670803,127.45027164177519
1984,손죽20,4.61E+18,손죽20,,,243017.93,181461.2,0,,,POINT (243017.9346978112 181461.20407298527),34.2271743823262,127.4668833150775
1985,손죽23,4.61E+18,손죽23,,,249884.84,185808.28,0,,,POINT (249884.84125821144 185808.28095890413),34.266054959551234,127.54165971487447
1986,손죽24,4.61E+18,손죽24,,,249778.84,185750.28,0,,,POINT (249778.84257395813 185750.27972450876),34.26553719832009,127.54050544551107
1987,손죽25,4.61E+18,손죽25,,,249847.84,185738.28,0,,,POINT (249847.84242446715 185738.28076136374),34.265425718011336,127.54125393452426
1988,손죽26,4.61E+18,손죽26,,,249586.85,185364.28,0,,,POINT (249586.84894792922 185364.27880647115),34.262066766446544,127.53839869966124
1989,손죽26,4.61E+18,손죽27,,,249339.05,185228.33,0,,,POINT (249339.05202756624 185228.32592380926),34.26085302881054,127.53570049798192
