src_node,dst_node,island_name,release_point_id,attn_layer1_mean,attn_layer2
0,137,고성하일,1,0.012069444,0.011336523
0,138,남해유구,1,0.012804388,0.009773987
0,143,부산해양대,1,0.026505932,0.01627467
0,144,통영망일봉,1,0.014092686,0.015309508
0,145,마산봉암,1,0.0176736,0.015328976
0,146,거제두모,1,0.017857766,0.01691497
0,148,부산가덕도,1,0.02092819,0.015855065
0,149,통영욕지도,1,0.010613803,0.014164235
1,137,고성하일,2,0.012644466,0.011649183
1,138,남해유구,2,0.016548458,0.009452914
1,143,부산해양대,2,0.025566256,0.01923486
1,144,통영망일봉,2,0.013488938,0.015681414
1,145,마산봉암,2,0.01952026,0.013573883
1,146,거제두모,2,0.020976726,0.019792207
1,148,부산가덕도,2,0.022009593,0.018805098
1,149,통영욕지도,2,0.010484831,0.013114977
2,137,고성하일,3,0.011401789,0.011500121
2,138,남해유구,3,0.010703165,0.010128351
2,139,여수반월,3,0.029931754,0.009546234
2,140,여수안도,3,0.036120884,0.010473808
2,143,부산해양대,3,0.0278786,0.014830698
2,144,통영망일봉,3,0.015120807,0.015400181
2,145,마산봉암,3,0.017598094,0.014476689
2,146,거제두모,3,0.017148828,0.015742205
2,148,부산가덕도,3,0.021040166,0.014588104
2,149,통영욕지도,3,0.011413124,0.0147615485
3,137,고성하일,4,0.012185065,0.0122412555
3,138,남해유구,4,0.01827622,0.009349344
3,143,부산해양대,4,0.026333692,0.02116957
3,144,통영망일봉,4,0.013278664,0.015802957
3,145,마산봉암,4,0.017718064,0.016684957
3,146,거제두모,4,0.025511602,0.022290017
3,148,부산가덕도,4,0.025101742,0.021444986
3,149,통영욕지도,4,0.011437016,0.012103117
4,137,고성하일,5,0.012316929,0.01231169
4,138,남해유구,5,0.02020591,0.00917999
4,143,부산해양대,5,0.026989326,0.022135474
4,144,통영망일봉,5,0.012791735,0.015380453
4,145,마산봉암,5,0.01868821,0.018476736
4,146,거제두모,5,0.028500842,0.023748972
4,148,부산가덕도,5,0.027091319,0.02278422
4,149,통영욕지도,5,0.0126316175,0.0114936745
5,137,고성하일,6,0.011525469,0.011835339
5,138,남해유구,6,0.01223515,0.00993806
5,143,부산해양대,6,0.026096582,0.016584774
5,144,통영망일봉,6,0.015110345,0.016023675
5,145,마산봉암,6,0.018020824,0.016018612
5,146,거제두모,6,0.019027382,0.017603014
5,148,부산가덕도,6,0.021019926,0.0163631
5,149,통영욕지도,6,0.010564932,0.014032152
6,137,고성하일,7,0.012127504,0.012435356
6,138,남해유구,7,0.020680597,0.009094385
6,143,부산해양대,7,0.027043704,0.022151692
6,144,통영망일봉,7,0.012562838,0.014960341
6,145,마산봉암,7,0.020816265,0.020169554
6,146,거제두모,7,0.024558034,0.022166895
6,148,부산가덕도,7,0.02753219,0.022955913
6,149,통영욕지도,7,0.013714898,0.010986267
7,137,고성하일,8,0.0116583835,0.01265781
7,138,남해유구,8,0.018915761,0.009184754
7,143,부산해양대,8,0.026493143,0.021247236
7,144,통영망일봉,8,0.01266894,0.014901788
7,145,마산봉암,8,0.022286637,0.020691384
7,146,거제두모,8,0.025145978,0.022018906
7,148,부산가덕도,8,0.02632574,0.021975324
7,149,통영욕지도,8,0.013507304,0.010864405
8,137,고성하일,9,0.01130694,0.012899193
8,138,남해유구,9,0.016739136,0.009372769
8,143,부산해양대,9,0.026037516,0.020310482
8,144,통영망일봉,9,0.013080245,0.015191295
8,145,마산봉암,9,0.021954143,0.020108094
8,146,거제두모,9,0.025292253,0.021648444
8,148,부산가덕도,9,0.025306057,0.021026993
8,149,통영욕지도,9,0.012568161,0.011060613
9,137,고성하일,10,0.0110247675,0.01241829
9,138,남해유구,10,0.0097887935,0.010487398
9,139,여수반월,10,0.026130542,0.009820751
9,140,여수안도,10,0.035725422,0.010379623
9,143,부산해양대,10,0.027236348,0.014938581
9,144,통영망일봉,10,0.01801966,0.01678037
9,145,마산봉암,10,0.018069023,0.015309809
9,146,거제두모,10,0.018391646,0.01636481
9,148,부산가덕도,10,0.020878393,0.01497284
9,149,통영욕지도,10,0.011412078,0.014597142
10,127,고흥신흥,11,0.01796266,0.0111591965
10,128,고흥염포,11,0.018818542,0.011474786
10,137,고성하일,11,0.015399316,0.010032727
10,138,남해유구,11,0.02755797,0.01704638
10,139,여수반월,11,0.016981598,0.016545333
10,140,여수안도,11,0.011139026,0.013386193
10,141,여수백야도,11,0.011288705,0.014141472
10,144,통영망일봉,11,0.012047648,0.0071785976
10,145,마산봉암,11,0.024082871,0.00615315
10,146,거제두모,11,0.025927562,0.0051673613
10,149,통영욕지도,11,0.015679665,0.010416519
11,127,고흥신흥,12,0.01423786,0.011727618
11,128,고흥염포,12,0.014973493,0.012050454
11,137,고성하일,12,0.013750188,0.008986695
11,138,남해유구,12,0.023950348,0.015409289
11,139,여수반월,12,0.021118008,0.017370077
11,140,여수안도,12,0.012194703,0.013661672
11,141,여수백야도,12,0.0130716,0.014855455
11,144,통영망일봉,12,0.011983017,0.0064502875
11,146,거제두모,12,0.030945566,0.0046358816
11,149,통영욕지도,12,0.014541071,0.009570118
12,127,고흥신흥,13,0.026393687,0.010686267
12,128,고흥염포,13,0.026099103,0.011184713
12,137,고성하일,13,0.01676851,0.011382629
12,138,남해유구,13,0.018858273,0.015924167
12,139,여수반월,13,0.012250595,0.015230185
12,140,여수안도,13,0.011091509,0.014478564
12,141,여수백야도,13,0.0100247115,0.013549387
12,144,통영망일봉,13,0.01295657,0.008661288
12,145,마산봉암,13,0.021712137,0.00704623
12,146,거제두모,13,0.020474777,0.006193021
12,149,통영욕지도,13,0.021335656,0.0130121205
13,127,고흥신흥,14,0.02229838,0.01095171
13,128,고흥염포,14,0.0222877,0.011437204
13,137,고성하일,14,0.016019482,0.01081557
13,138,남해유구,14,0.021185437,0.016237251
13,139,여수반월,14,0.013565192,0.015665762
13,140,여수안도,14,0.011575431,0.014566316
13,141,여수백야도,14,0.010426021,0.013900577
13,144,통영망일봉,14,0.012533341,0.008122634
13,145,마산봉암,14,0.02291377,0.006664013
13,146,거제두모,14,0.02216762,0.0058108848
13,149,통영욕지도,14,0.019720903,0.012229726
14,137,고성하일,15,0.01187114,0.0111820735
14,138,남해유구,15,0.0116139315,0.009905963
14,139,여수반월,15,0.033933982,0.00935217
14,140,여수안도,15,0.039656837,0.010364904
14,143,부산해양대,15,0.02768575,0.015156243
14,144,통영망일봉,15,0.014186362,0.0149777
14,145,마산봉암,15,0.017592704,0.014452851
14,146,거제두모,15,0.016961552,0.015837375
14,148,부산가덕도,15,0.021073557,0.014778543
14,149,통영욕지도,15,0.011093057,0.014584451
15,137,고성하일,16,0.012050416,0.012468034
15,138,남해유구,16,0.021000918,0.009027469
15,143,부산해양대,16,0.02693219,0.0220038
15,144,통영망일봉,16,0.012429529,0.014627616
15,145,마산봉암,16,0.022711018,0.021245835
15,146,거제두모,16,0.022074942,0.020990718
15,148,부산가덕도,16,0.027127113,0.022712022
15,149,통영욕지도,16,0.014527472,0.010668259
16,137,고성하일,17,0.011220219,0.013615118
16,138,남해유구,17,0.010332946,0.010415633
16,139,여수반월,17,0.029545262,0.009682224
16,143,부산해양대,17,0.025745446,0.01643037
16,144,통영망일봉,17,0.018833278,0.017539853
16,145,마산봉암,17,0.021668164,0.01828127
16,146,거제두모,17,0.022353228,0.018688058
16,148,부산가덕도,17,0.021682933,0.016911399
16,149,통영욕지도,17,0.010355625,0.012994263
17,137,고성하일,18,0.011084397,0.013170879
17,138,남해유구,18,0.014263665,0.009677822
17,143,부산해양대,18,0.02565401,0.019200843
17,144,통영망일봉,18,0.014172356,0.015879823
17,145,마산봉암,18,0.02613374,0.02156823
17,146,거제두모,18,0.026000386,0.021399172
17,148,부산가덕도,18,0.024174407,0.019897329
17,149,통영욕지도,18,0.011300249,0.0115946075
18,137,고성하일,19,0.028259361,0.015782975
18,138,남해유구,19,0.01099582,0.01366125
18,139,여수반월,19,0.009152594,0.013034822
18,140,여수안도,19,0.011957271,0.010717445
18,141,여수백야도,19,0.01196371,0.011053627
18,144,통영망일봉,19,0.014613727,0.0105109885
18,145,마산봉암,19,0.01730439,0.009829106
18,146,거제두모,19,0.01628413,0.007852879
18,148,부산가덕도,19,0.036080375,0.007242381
18,149,통영욕지도,19,0.01524356,0.01234183
19,137,고성하일,20,0.024089739,0.015981937
19,138,남해유구,20,0.009839382,0.013796998
19,139,여수반월,20,0.009042812,0.01282745
19,140,여수안도,20,0.01181012,0.011710616
19,141,여수백야도,20,0.01398534,0.011080815
19,144,통영망일봉,20,0.018854728,0.013048841
19,145,마산봉암,20,0.017415121,0.01092391
19,146,거제두모,20,0.015092806,0.009460537
19,148,부산가덕도,20,0.028401196,0.008621564
19,149,통영욕지도,20,0.014776092,0.0131155765
20,137,고성하일,21,0.011324095,0.01223248
20,138,남해유구,21,0.007907674,0.011343216
20,139,여수반월,21,0.0147966845,0.010708582
20,140,여수안도,21,0.01777992,0.0116079645
20,141,여수백야도,21,0.035399176,0.009698246
20,143,부산해양대,21,0.034506224,0.011640748
20,144,통영망일봉,21,0.022020888,0.016602853
20,145,마산봉암,21,0.017504126,0.012570083
20,146,거제두모,21,0.01572561,0.0129016545
20,148,부산가덕도,21,0.022640117,0.011729206
20,149,통영욕지도,21,0.016353367,0.016348273
21,137,고성하일,22,0.013209962,0.014141291
21,138,남해유구,22,0.007814105,0.01171222
21,139,여수반월,22,0.014259959,0.010914292
21,140,여수안도,22,0.021252055,0.010953034
21,141,여수백야도,22,0.036862675,0.009626298
21,143,부산해양대,22,0.031360794,0.012239861
21,144,통영망일봉,22,0.030088197,0.018989427
21,145,마산봉암,22,0.01836197,0.01419755
21,146,거제두모,22,0.016820338,0.0138833355
21,148,부산가덕도,22,0.021308852,0.012559241
21,149,통영욕지도,22,0.013571209,0.0148932235
22,127,고흥신흥,23,0.01962684,0.012825159
22,128,고흥염포,23,0.018647205,0.012356568
22,129,해남송평,23,0.014086276,0.015025652
22,130,해남묵동리,23,0.017388534,0.014347319
22,131,해남예락,23,0.017420389,0.015046349
22,132,완도평일도,23,0.013778273,0.016780283
22,133,완도신지도,23,0.012636625,0.01622876
22,139,여수반월,23,0.008788075,0.005006238
22,140,여수안도,23,0.009891563,0.0060026837
22,141,여수백야도,23,0.010258597,0.006642149
22,142,여수거문도,23,0.017099546,0.017681537
22,147,완도보길도,23,0.017262138,0.014557232
23,127,고흥신흥,24,0.018601764,0.0134345
23,128,고흥염포,24,0.016489958,0.012486781
23,129,해남송평,24,0.018353585,0.013797995
23,130,해남묵동리,24,0.027142722,0.012916905
23,131,해남예락,24,0.025602104,0.013693585
23,132,완도평일도,24,0.011296115,0.012774341
23,133,완도신지도,24,0.013036438,0.013322958
23,138,남해유구,24,0.0075264084,0.004193809
23,139,여수반월,24,0.0091885645,0.0060897535
23,140,여수안도,24,0.009976132,0.0065268963
23,141,여수백야도,24,0.011409852,0.007789312
23,142,여수거문도,24,0.023794826,0.009947696
23,147,완도보길도,24,0.035965715,0.01183928
24,127,고흥신흥,25,0.010854161,0.013209277
24,128,고흥염포,25,0.011394447,0.014366058
24,137,고성하일,25,0.010777263,0.0062978943
24,138,남해유구,25,0.012289334,0.010551766
24,139,여수반월,25,0.015251635,0.013761006
24,140,여수안도,25,0.036723685,0.020516425
24,141,여수백야도,25,0.014536363,0.014417307
24,142,여수거문도,25,0.02605008,0.015768817
24,144,통영망일봉,25,0.01405181,0.0049504386
24,149,통영욕지도,25,0.013203123,0.008312126
25,127,고흥신흥,26,0.010792591,0.009117883
25,128,고흥염포,26,0.011785187,0.0096106855
25,129,해남송평,26,0.04743724,0.009783347
25,132,완도평일도,26,0.0116375685,0.011897551
25,133,완도신지도,26,0.01725119,0.010990985
25,140,여수안도,26,0.009733406,0.0056808856
25,141,여수백야도,26,0.010182869,0.0053012418
25,142,여수거문도,26,0.05946766,0.03167987
25,147,완도보길도,26,0.024069939,0.013173054
26,127,고흥신흥,27,0.011801717,0.014614198
26,128,고흥염포,27,0.0125129,0.014800616
26,132,완도평일도,27,0.0343901,0.010808078
26,137,고성하일,27,0.010730373,0.0054134894
26,138,남해유구,27,0.012282541,0.009273898
26,139,여수반월,27,0.01927613,0.013456187
26,140,여수안도,27,0.018782485,0.0137719745
26,141,여수백야도,27,0.029622838,0.017227372
26,142,여수거문도,27,0.033188153,0.012719415
26,144,통영망일봉,27,0.0173133,0.0038993643
26,149,통영욕지도,27,0.010450364,0.0060776635
27,127,고흥신흥,28,0.01109662,0.012876535
27,128,고흥염포,28,0.011722447,0.01327873
27,137,고성하일,28,0.011740841,0.00742583
27,138,남해유구,28,0.01825867,0.0127884
27,139,여수반월,28,0.025997046,0.01751807
27,140,여수안도,28,0.015156027,0.014322117
27,141,여수백야도,28,0.018526413,0.016355157
27,144,통영망일봉,28,0.012699053,0.005395835
27,149,통영욕지도,28,0.012956251,0.008313774
28,127,고흥신흥,29,0.012514977,0.011712775
28,128,고흥염포,29,0.0137003735,0.011757841
28,137,고성하일,29,0.012493864,0.007877903
28,138,남해유구,29,0.018230598,0.01287907
28,139,여수반월,29,0.020990428,0.016179333
28,140,여수안도,29,0.0107157305,0.011542791
28,141,여수백야도,29,0.013636805,0.014208523
28,144,통영망일봉,29,0.012602037,0.0054757083
28,149,통영욕지도,29,0.011819907,0.007887796
29,127,고흥신흥,30,0.010962107,0.01314674
29,128,고흥염포,30,0.01151306,0.013767932
29,137,고성하일,30,0.011409974,0.0072291703
29,138,남해유구,30,0.016980084,0.0124311205
29,139,여수반월,30,0.020064093,0.015791763
29,140,여수안도,30,0.018965451,0.015954332
29,141,여수백야도,30,0.018930484,0.016553503
29,144,통영망일봉,30,0.012783857,0.0053793113
29,149,통영욕지도,30,0.013487329,0.008533818
30,127,고흥신흥,31,0.011879746,0.011990352
30,128,고흥염포,31,0.012911418,0.0120550515
30,137,고성하일,31,0.012184931,0.0076341275
30,138,남해유구,31,0.017937323,0.012634976
30,139,여수반월,31,0.025014827,0.017172426
30,140,여수안도,31,0.011096685,0.011766859
30,141,여수백야도,31,0.014666527,0.014583249
30,144,통영망일봉,31,0.012775166,0.00533403
30,149,통영욕지도,31,0.011777434,0.0077716704
31,129,해남송평,32,0.014544513,0.011351307
31,130,해남묵동리,32,0.014550717,0.0122112045
31,131,해남예락,32,0.015156386,0.011889027
31,133,완도신지도,32,0.012450706,0.006819254
31,134,진도하조도,32,0.021084296,0.021321757
31,135,신안압해도,32,0.083188206,0.04545361
31,136,신안임자도,32,0.04989211,0.06087175
31,147,완도보길도,32,0.013442387,0.010338228
32,127,고흥신흥,33,0.01863701,0.012292126
32,128,고흥염포,33,0.017512202,0.011763584
32,129,해남송평,33,0.013513858,0.015390661
32,130,해남묵동리,33,0.016112912,0.014646823
32,131,해남예락,33,0.016251843,0.015389771
32,132,완도평일도,33,0.013992537,0.016631417
32,133,완도신지도,33,0.012968447,0.016393771
32,139,여수반월,33,0.008795893,0.004830051
32,140,여수안도,33,0.009759797,0.00571898
32,141,여수백야도,33,0.010074701,0.0063875946
32,142,여수거문도,33,0.01628893,0.01678966
32,147,완도보길도,33,0.01655934,0.014605736
33,127,고흥신흥,34,0.020593066,0.01330841
33,128,고흥염포,34,0.019497646,0.012815902
33,129,해남송평,34,0.014638058,0.014805798
33,130,해남묵동리,34,0.018591909,0.014129843
33,131,해남예락,34,0.0184909,0.014822346
33,132,완도평일도,34,0.01321175,0.016550913
33,133,완도신지도,34,0.012360209,0.01597618
33,138,남해유구,34,0.00784163,0.0035825053
33,139,여수반월,34,0.008796085,0.0051927324
33,140,여수안도,34,0.010018145,0.006226203
33,141,여수백야도,34,0.010480367,0.006891582
33,142,여수거문도,34,0.017101865,0.017966012
33,147,완도보길도,34,0.01836228,0.014338761
34,127,고흥신흥,35,0.01067177,0.006836276
34,128,고흥염포,35,0.0112251295,0.0067909136
34,129,해남송평,35,0.013421848,0.014962048
34,130,해남묵동리,35,0.013265327,0.0155086545
34,131,해남예락,35,0.014249828,0.015523023
34,132,완도평일도,35,0.022084353,0.016892035
34,133,완도신지도,35,0.01762923,0.01615883
34,142,여수거문도,35,0.019399717,0.014961543
34,147,완도보길도,35,0.01740698,0.019273432
35,127,고흥신흥,36,0.012385882,0.008480795
35,128,고흥염포,36,0.0125334,0.008296314
35,129,해남송평,36,0.013831524,0.016646607
35,130,해남묵동리,36,0.013212621,0.016372407
35,131,해남예락,36,0.014351987,0.016895395
35,132,완도평일도,36,0.029759021,0.020571873
35,133,완도신지도,36,0.021125965,0.01895511
35,140,여수안도,36,0.010345694,0.0040624244
35,141,여수백야도,36,0.009857237,0.0043893885
35,142,여수거문도,36,0.017823841,0.015309103
35,147,완도보길도,36,0.0143680805,0.017726552
36,129,해남송평,37,0.014161551,0.00818153
36,130,해남묵동리,37,0.016835263,0.009944165
36,131,해남예락,37,0.01556994,0.008970201
36,133,완도신지도,37,0.012557943,0.0049103
36,134,진도하조도,37,0.081064776,0.038315855
36,135,신안압해도,37,0.019294243,0.015807413
36,147,완도보길도,37,0.019765178,0.010586461
37,129,해남송평,38,0.012722722,0.0073811403
37,130,해남묵동리,38,0.012855878,0.008156664
37,131,해남예락,38,0.014045557,0.0078063
37,134,진도하조도,38,0.021799019,0.01672798
37,135,신안압해도,38,0.0482719,0.03046168
37,136,신안임자도,38,0.081952974,0.07184604
38,129,해남송평,39,0.013158215,0.0066246954
38,130,해남묵동리,39,0.013141731,0.00734603
38,131,해남예락,39,0.014747965,0.0070147333
38,134,진도하조도,39,0.022996183,0.015258679
38,135,신안압해도,39,0.041358706,0.027364068
38,136,신안임자도,39,0.083173394,0.06936196
39,129,해남송평,40,0.012688795,0.007983839
39,130,해남묵동리,40,0.012939492,0.008844254
39,131,해남예락,40,0.013794387,0.008452867
39,134,진도하조도,40,0.020548021,0.018586954
39,135,신안압해도,40,0.05135441,0.031650014
39,136,신안임자도,40,0.07346736,0.06885685
40,127,고흥신흥,41,0.0105134435,0.0064203236
40,128,고흥염포,41,0.011100234,0.0063455906
40,129,해남송평,41,0.014350868,0.015553085
40,130,해남묵동리,41,0.013925554,0.016196236
40,131,해남예락,41,0.014932542,0.01617418
40,132,완도평일도,41,0.021744788,0.01621445
40,133,완도신지도,41,0.019420808,0.016399777
40,134,진도하조도,41,0.03958776,0.021160996
40,142,여수거문도,41,0.017687354,0.013725084
40,147,완도보길도,41,0.019682912,0.019984094
41,127,고흥신흥,42,0.012335023,0.0083290795
41,128,고흥염포,42,0.012308511,0.008049656
41,129,해남송평,42,0.015079293,0.017690232
41,130,해남묵동리,42,0.013562169,0.017089415
41,131,해남예락,42,0.01504622,0.01781734
41,132,완도평일도,42,0.025505438,0.019008752
41,133,완도신지도,42,0.023227401,0.01948443
41,135,신안압해도,42,0.036045432,0.019660939
41,141,여수백야도,42,0.009853076,0.0043175146
41,142,여수거문도,42,0.015771577,0.013900228
41,147,완도보길도,42,0.014275673,0.017327545
42,127,고흥신흥,43,0.011344607,0.007429545
42,128,고흥염포,43,0.0115740625,0.0072131334
42,129,해남송평,43,0.01652396,0.017950453
42,130,해남묵동리,43,0.014523904,0.017620865
42,131,해남예락,43,0.016251279,0.018214557
42,132,완도평일도,43,0.02615728,0.018329697
42,133,완도신지도,43,0.02896051,0.02041421
42,134,진도하조도,43,0.04062944,0.021892764
42,135,신안압해도,43,0.036215257,0.01870001
42,141,여수백야도,43,0.010529735,0.0038464689
42,142,여수거문도,43,0.015749667,0.013253169
42,147,완도보길도,43,0.016068272,0.018431854
43,127,고흥신흥,44,0.021055918,0.017261298
43,128,고흥염포,44,0.0269338,0.01889478
43,132,완도평일도,44,0.0133703705,0.013359643
43,133,완도신지도,44,0.021975797,0.012577791
43,138,남해유구,44,0.00834341,0.0062142415
43,139,여수반월,44,0.011417533,0.00889834
43,140,여수안도,44,0.016400421,0.011137919
43,141,여수백야도,44,0.017501969,0.011927226
43,142,여수거문도,44,0.0142110195,0.016414247
43,149,통영욕지도,44,0.010186146,0.0043793134
44,127,고흥신흥,45,0.018456401,0.01646155
44,128,고흥염포,45,0.024660088,0.018426972
44,132,완도평일도,45,0.013670912,0.013332964
44,133,완도신지도,45,0.023402978,0.012443401
44,138,남해유구,45,0.008260633,0.006219459
44,139,여수반월,45,0.011115658,0.008840957
44,140,여수안도,45,0.017074523,0.011476404
44,141,여수백야도,45,0.0167936,0.011832963
44,142,여수거문도,45,0.013888934,0.01749742
44,149,통영욕지도,45,0.010136276,0.004478585
45,127,고흥신흥,46,0.017617123,0.016539348
45,128,고흥염포,46,0.018063368,0.016486859
45,132,완도평일도,46,0.01712439,0.012237816
45,133,완도신지도,46,0.029590191,0.011821873
45,137,고성하일,46,0.012038544,0.004130953
45,138,남해유구,46,0.009375868,0.0070849843
45,139,여수반월,46,0.013762479,0.010268842
45,140,여수안도,46,0.016243713,0.0115083195
45,141,여수백야도,46,0.021694262,0.013586861
45,142,여수거문도,46,0.019776735,0.013655939
45,149,통영욕지도,46,0.010032831,0.004740517
46,127,고흥신흥,47,0.018470924,0.0140198525
46,128,고흥염포,47,0.016462605,0.013061099
46,129,해남송평,47,0.02364112,0.0130844265
46,130,해남묵동리,47,0.037365593,0.012241614
46,131,해남예락,47,0.03471737,0.012981851
46,132,완도평일도,47,0.012262566,0.012142952
46,133,완도신지도,47,0.015189407,0.012599304
46,138,남해유구,47,0.007583989,0.0046591545
46,139,여수반월,47,0.009673969,0.00675722
46,140,여수안도,47,0.010246107,0.0070817447
46,141,여수백야도,47,0.012283099,0.008557627
46,142,여수거문도,47,0.027809592,0.009870885
47,127,고흥신흥,48,0.01491921,0.011302631
47,128,고흥염포,48,0.0136500215,0.010507707
47,129,해남송평,48,0.015291378,0.014182436
47,130,해남묵동리,48,0.02103683,0.013241391
47,131,해남예락,48,0.020155452,0.014056018
47,132,완도평일도,48,0.011328789,0.011834542
47,133,완도신지도,48,0.01257034,0.012908523
47,135,신안압해도,48,0.030776761,0.02541327
47,138,남해유구,48,0.007748022,0.0035947713
47,139,여수반월,48,0.008799779,0.0052073323
47,140,여수안도,48,0.009682206,0.0054810396
47,141,여수백야도,48,0.010124331,0.006586036
47,142,여수거문도,48,0.013853654,0.012919519
47,147,완도보길도,48,0.030460758,0.011659287
48,127,고흥신흥,49,0.012322126,0.0038053088
48,129,해남송평,49,0.037567623,0.019498117
48,130,해남묵동리,49,0.044553064,0.022615628
48,131,해남예락,49,0.041953,0.02135387
48,132,완도평일도,49,0.0126250945,0.009341203
48,133,완도신지도,49,0.017415622,0.012098895
48,134,진도하조도,49,0.021906808,0.029335232
48,135,신안압해도,49,0.02071864,0.018270448
48,142,여수거문도,49,0.014098488,0.007140609
48,147,완도보길도,49,0.031289246,0.019269902
49,129,해남송평,50,0.03772332,0.019291552
49,130,해남묵동리,50,0.039775662,0.021387557
49,131,해남예락,50,0.039648443,0.020636018
49,132,완도평일도,50,0.011600737,0.008515521
49,133,완도신지도,50,0.015270019,0.011095627
49,134,진도하조도,50,0.022672491,0.03005611
49,135,신안압해도,50,0.01944045,0.023063611
49,136,신안임자도,50,0.16998415,0.031441376
49,147,완도보길도,50,0.018592102,0.014920876
50,127,고흥신흥,51,0.014742958,0.010240567
50,128,고흥염포,51,0.014778272,0.010057015
50,129,해남송평,51,0.013015296,0.015625875
50,130,해남묵동리,51,0.013944952,0.015221459
50,131,해남예락,51,0.014639247,0.015786735
50,132,완도평일도,51,0.02046928,0.019042427
50,133,완도신지도,51,0.015635276,0.017622335
50,139,여수반월,51,0.009433372,0.0039809807
50,140,여수안도,51,0.009693002,0.004928715
50,141,여수백야도,51,0.00953799,0.0053062593
50,142,여수거문도,51,0.019376243,0.017439848
50,147,완도보길도,51,0.013761014,0.016368633
51,129,해남송평,52,0.014952251,0.008779242
51,130,해남묵동리,52,0.018005123,0.0106324535
51,131,해남예락,52,0.016443906,0.009613055
51,133,완도신지도,52,0.012205306,0.005215992
51,134,진도하조도,52,0.08667822,0.04042826
51,135,신안압해도,52,0.020242758,0.017315805
51,147,완도보길도,52,0.020101396,0.010987369
52,127,고흥신흥,53,0.025739808,0.010753987
52,128,고흥염포,53,0.025253206,0.011285859
52,137,고성하일,53,0.016255306,0.0111907795
52,138,남해유구,53,0.01810968,0.0156319
52,139,여수반월,53,0.012173136,0.01515022
52,140,여수안도,53,0.011379712,0.014763904
52,141,여수백야도,53,0.01005865,0.013606778
52,144,통영망일봉,53,0.012890154,0.008603858
52,145,마산봉암,53,0.022268552,0.006947157
52,146,거제두모,53,0.020739073,0.0061482964
52,149,통영욕지도,53,0.021869358,0.01312799
53,137,고성하일,54,0.011525469,0.011835339
53,138,남해유구,54,0.01223515,0.00993806
53,143,부산해양대,54,0.026096582,0.016584774
53,144,통영망일봉,54,0.015110345,0.016023675
53,145,마산봉암,54,0.018020824,0.016018612
53,146,거제두모,54,0.019027382,0.017603014
53,148,부산가덕도,54,0.021019926,0.0163631
53,149,통영욕지도,54,0.010564932,0.014032152
54,137,고성하일,55,0.024089925,0.015971698
54,138,남해유구,55,0.009858399,0.013805844
54,139,여수반월,55,0.009040876,0.0128354775
54,140,여수안도,55,0.011789648,0.011715621
54,141,여수백야도,55,0.013945787,0.011087581
54,144,통영망일봉,55,0.018822683,0.01302974
54,145,마산봉암,55,0.017412154,0.010909252
54,146,거제두모,55,0.015096167,0.009446688
54,148,부산가덕도,55,0.028453607,0.0086088125
54,149,통영욕지도,55,0.014780404,0.013109375
55,137,고성하일,56,0.013213735,0.014148197
55,138,남해유구,56,0.007815507,0.01170936
55,139,여수반월,56,0.01428001,0.0109111285
55,140,여수안도,56,0.021311585,0.010946184
55,141,여수백야도,56,0.036955163,0.009622774
55,143,부산해양대,56,0.031328678,0.012250325
55,144,통영망일봉,56,0.030141646,0.01900827
55,145,마산봉암,56,0.018374328,0.014212724
55,146,거제두모,56,0.016832624,0.013895839
55,148,부산가덕도,56,0.021300547,0.0125705525
55,149,통영욕지도,56,0.013545472,0.014881184
56,137,고성하일,57,0.011305948,0.013633622
56,138,남해유구,57,0.011924533,0.009582309
56,139,여수반월,57,0.0359046,0.009007766
56,143,부산해양대,57,0.026156615,0.015696162
56,144,통영망일봉,57,0.012636179,0.013210515
56,145,마산봉암,57,0.034662675,0.022670666
56,146,거제두모,57,0.017648924,0.016047304
56,148,부산가덕도,57,0.021070257,0.01592465
56,149,통영욕지도,57,0.012944998,0.009777801
57,127,고흥신흥,58,0.02229838,0.01095171
57,128,고흥염포,58,0.0222877,0.011437204
57,137,고성하일,58,0.016019482,0.01081557
57,138,남해유구,58,0.021185437,0.016237251
57,139,여수반월,58,0.013565192,0.015665762
57,140,여수안도,58,0.011575431,0.014566316
57,141,여수백야도,58,0.010426021,0.013900577
57,144,통영망일봉,58,0.012533341,0.008122634
57,145,마산봉암,58,0.02291377,0.006664013
57,146,거제두모,58,0.02216762,0.0058108848
57,149,통영욕지도,58,0.019720903,0.012229726
58,127,고흥신흥,59,0.026393687,0.010686267
58,128,고흥염포,59,0.026099103,0.011184713
58,137,고성하일,59,0.01676851,0.011382629
58,138,남해유구,59,0.018858273,0.015924167
58,139,여수반월,59,0.012250595,0.015230185
58,140,여수안도,59,0.011091509,0.014478564
58,141,여수백야도,59,0.0100247115,0.013549387
58,144,통영망일봉,59,0.01295657,0.008661288
58,145,마산봉암,59,0.021712137,0.00704623
58,146,거제두모,59,0.020474777,0.006193021
58,149,통영욕지도,59,0.021335656,0.0130121205
59,127,고흥신흥,60,0.01796266,0.0111591965
59,128,고흥염포,60,0.018818542,0.011474786
59,137,고성하일,60,0.015399316,0.010032727
59,138,남해유구,60,0.02755797,0.01704638
59,139,여수반월,60,0.016981598,0.016545333
59,140,여수안도,60,0.011139026,0.013386193
59,141,여수백야도,60,0.011288705,0.014141472
59,144,통영망일봉,60,0.012047648,0.0071785976
59,145,마산봉암,60,0.024082871,0.00615315
59,146,거제두모,60,0.025927562,0.0051673613
59,149,통영욕지도,60,0.015679665,0.010416519
60,127,고흥신흥,61,0.014742958,0.010240567
60,128,고흥염포,61,0.014778272,0.010057015
60,129,해남송평,61,0.013015296,0.015625875
60,130,해남묵동리,61,0.013944952,0.015221459
60,131,해남예락,61,0.014639247,0.015786735
60,132,완도평일도,61,0.02046928,0.019042427
60,133,완도신지도,61,0.015635276,0.017622335
60,139,여수반월,61,0.009433372,0.0039809807
60,140,여수안도,61,0.009693002,0.004928715
60,141,여수백야도,61,0.00953799,0.0053062593
60,142,여수거문도,61,0.019376243,0.017439848
60,147,완도보길도,61,0.013761014,0.016368633
61,127,고흥신흥,62,0.01068843,0.006564058
61,128,고흥염포,62,0.011123855,0.0063582873
61,129,해남송평,62,0.01990558,0.018821962
61,130,해남묵동리,62,0.016878821,0.018596297
61,131,해남예락,62,0.019172847,0.019168667
61,132,완도평일도,62,0.02234811,0.016218163
61,133,완도신지도,62,0.03588154,0.02105291
61,134,진도하조도,62,0.030622067,0.023124075
61,135,신안압해도,62,0.030366622,0.018907739
61,142,여수거문도,62,0.01474735,0.011871185
61,147,완도보길도,62,0.018615918,0.019154692
62,127,고흥신흥,63,0.01491921,0.011302631
62,128,고흥염포,63,0.0136500215,0.010507707
62,129,해남송평,63,0.015291378,0.014182436
62,130,해남묵동리,63,0.02103683,0.013241391
62,131,해남예락,63,0.020155452,0.014056018
62,132,완도평일도,63,0.011328789,0.011834542
62,133,완도신지도,63,0.01257034,0.012908523
62,135,신안압해도,63,0.030776761,0.02541327
62,138,남해유구,63,0.007748022,0.0035947713
62,139,여수반월,63,0.008799779,0.0052073323
62,140,여수안도,63,0.009682206,0.0054810396
62,141,여수백야도,63,0.010124331,0.006586036
62,142,여수거문도,63,0.013853654,0.012919519
62,147,완도보길도,63,0.030460758,0.011659287
63,127,고흥신흥,64,0.021588078,0.017516812
63,128,고흥염포,64,0.023182739,0.017830899
63,132,완도평일도,64,0.014151796,0.01296403
63,133,완도신지도,64,0.02312417,0.012396969
63,138,남해유구,64,0.008671312,0.0064598173
63,139,여수반월,64,0.012260824,0.009326946
63,140,여수안도,64,0.015861556,0.011004128
63,141,여수백야도,64,0.019104922,0.012449564
63,142,여수거문도,64,0.016002476,0.014757931
63,149,통영욕지도,64,0.010160585,0.0044150758
64,129,해남송평,65,0.013001864,0.0075438526
64,130,해남묵동리,65,0.01385954,0.008711255
64,131,해남예락,65,0.014059767,0.008114914
64,134,진도하조도,65,0.041837037,0.029670613
64,135,신안압해도,65,0.030828424,0.022400456
64,136,신안임자도,65,0.049888644,0.045617282
64,147,완도보길도,65,0.01349401,0.007937366
65,137,고성하일,66,0.011307024,0.013637991
65,138,남해유구,66,0.011919569,0.009585819
65,139,여수반월,66,0.035890475,0.009010515
65,143,부산해양대,66,0.026149943,0.015704785
65,144,통영망일봉,66,0.012644347,0.013224633
65,145,마산봉암,66,0.034635477,0.022667205
65,146,거제두모,66,0.017666355,0.016061513
65,148,부산가덕도,66,0.021074966,0.015935587
65,149,통영욕지도,66,0.012927788,0.009786608
66,137,고성하일,67,0.024089739,0.015981937
66,138,남해유구,67,0.009839382,0.013796998
66,139,여수반월,67,0.009042812,0.01282745
66,140,여수안도,67,0.01181012,0.011710616
66,141,여수백야도,67,0.01398534,0.011080815
66,144,통영망일봉,67,0.018854728,0.013048841
66,145,마산봉암,67,0.017415121,0.01092391
66,146,거제두모,67,0.015092806,0.009460537
66,148,부산가덕도,67,0.028401196,0.008621564
66,149,통영욕지도,67,0.014776092,0.0131155765
67,137,고성하일,68,0.011525469,0.011835339
67,138,남해유구,68,0.01223515,0.00993806
67,143,부산해양대,68,0.026096582,0.016584774
67,144,통영망일봉,68,0.015110345,0.016023675
67,145,마산봉암,68,0.018020824,0.016018612
67,146,거제두모,68,0.019027382,0.017603014
67,148,부산가덕도,68,0.021019926,0.0163631
67,149,통영욕지도,68,0.010564932,0.014032152
68,137,고성하일,69,0.012644466,0.011649183
68,138,남해유구,69,0.016548458,0.009452914
68,143,부산해양대,69,0.025566256,0.01923486
68,144,통영망일봉,69,0.013488938,0.015681414
68,145,마산봉암,69,0.01952026,0.013573883
68,146,거제두모,69,0.020976726,0.019792207
68,148,부산가덕도,69,0.022009593,0.018805098
68,149,통영욕지도,69,0.010484831,0.013114977
69,127,고흥신흥,70,0.010790475,0.009114961
69,128,고흥염포,70,0.011782058,0.009607607
69,129,해남송평,70,0.047505707,0.009779616
69,132,완도평일도,70,0.011641904,0.011892106
69,133,완도신지도,70,0.017268144,0.0109864585
69,140,여수안도,70,0.009733709,0.005679846
69,141,여수백야도,70,0.010185553,0.005299948
69,142,여수거문도,70,0.0594306,0.031672135
69,147,완도보길도,70,0.024086228,0.013169838
70,127,고흥신흥,71,0.0123918215,0.00848636
70,128,고흥염포,71,0.012539317,0.008302012
70,129,해남송평,71,0.01382289,0.01664051
70,130,해남묵동리,71,0.013210438,0.01636666
70,131,해남예락,71,0.014347566,0.016888952
70,132,완도평일도,71,0.029734561,0.02057156
70,133,완도신지도,71,0.02109477,0.01894817
70,140,여수안도,71,0.010341547,0.004065339
70,141,여수백야도,71,0.009854915,0.0043922695
70,142,여수거문도,71,0.017835727,0.015319852
70,147,완도보길도,71,0.014361777,0.017722495
71,127,고흥신흥,72,0.011340848,0.0074258046
71,128,고흥염포,72,0.011571589,0.0072098323
71,129,해남송평,72,0.016526138,0.017948534
71,130,해남묵동리,72,0.014527406,0.017621402
71,131,해남예락,72,0.016254302,0.018213725
71,132,완도평일도,72,0.02615949,0.018326899
71,133,완도신지도,72,0.028976891,0.020415148
71,134,진도하조도,72,0.0405985,0.02189477
71,135,신안압해도,72,0.036243103,0.018691165
71,141,여수백야도,72,0.010533927,0.0038445326
71,142,여수거문도,72,0.015752383,0.013252361
71,147,완도보길도,72,0.016080251,0.018438322
72,127,고흥신흥,73,0.012335023,0.0083290795
72,128,고흥염포,73,0.012308511,0.008049656
72,129,해남송평,73,0.015079293,0.017690232
72,130,해남묵동리,73,0.013562169,0.017089415
72,131,해남예락,73,0.01504622,0.01781734
72,132,완도평일도,73,0.025505438,0.019008752
72,133,완도신지도,73,0.023227401,0.01948443
72,135,신안압해도,73,0.036045432,0.019660939
72,141,여수백야도,73,0.009853076,0.0043175146
72,142,여수거문도,73,0.015771577,0.013900228
72,147,완도보길도,73,0.014275673,0.017327545
73,127,고흥신흥,74,0.010672061,0.0068357545
73,128,고흥염포,74,0.011225015,0.006789877
73,129,해남송평,74,0.013428956,0.014971413
73,130,해남묵동리,74,0.013268771,0.015517175
73,131,해남예락,74,0.014253676,0.015532026
73,132,완도평일도,74,0.022100864,0.016895387
73,133,완도신지도,74,0.01765565,0.016169189
73,142,여수거문도,74,0.019383177,0.014952642
73,147,완도보길도,74,0.017417418,0.019278137
74,127,고흥신흥,75,0.0105154,0.0064239493
74,128,고흥염포,75,0.011100965,0.006348496
74,129,해남송평,75,0.0143685965,0.015571131
74,130,해남묵동리,75,0.013935524,0.016210577
74,131,해남예락,75,0.014945457,0.016191466
74,132,완도평일도,75,0.021779792,0.016227322
74,133,완도신지도,75,0.019478565,0.01642482
74,134,진도하조도,75,0.03954126,0.021171978
74,142,여수거문도,75,0.017672481,0.013719431
74,147,완도보길도,75,0.019679945,0.019984094
75,129,해남송평,76,0.014443419,0.008886253
75,130,해남묵동리,76,0.016025905,0.010308001
75,131,해남예락,76,0.015552277,0.009577768
75,133,완도신지도,76,0.01295692,0.0051107365
75,134,진도하조도,76,0.036621388,0.029510776
75,135,신안압해도,76,0.03123039,0.02382661
75,136,신안임자도,76,0.048612464,0.04553244
75,147,완도보길도,76,0.014824803,0.009406172
76,127,고흥신흥,77,0.011095388,0.012878892
76,128,고흥염포,77,0.011720471,0.01328258
76,137,고성하일,77,0.01173887,0.0074250367
76,138,남해유구,77,0.018253425,0.012787426
76,139,여수반월,77,0.02595061,0.01750658
76,140,여수안도,77,0.015177204,0.014332829
76,141,여수백야도,77,0.018534599,0.016358903
76,144,통영망일봉,77,0.012699122,0.005396082
76,149,통영욕지도,77,0.012960555,0.008315804
77,127,고흥신흥,78,0.012322126,0.0038053088
77,129,해남송평,78,0.037567623,0.019498117
77,130,해남묵동리,78,0.044553064,0.022615628
77,131,해남예락,78,0.041953,0.02135387
77,132,완도평일도,78,0.0126250945,0.009341203
77,133,완도신지도,78,0.017415622,0.012098895
77,134,진도하조도,78,0.021906808,0.029335232
77,135,신안압해도,78,0.02071864,0.018270448
77,142,여수거문도,78,0.014098488,0.007140609
77,147,완도보길도,78,0.031289246,0.019269902
78,135,신안압해도,79,0.036292646,0.052827783
78,136,신안임자도,79,0.13038455,0.172576
79,129,해남송평,80,0.013197564,0.013366538
79,135,신안압해도,80,0.050102197,0.062198866
79,136,신안임자도,80,0.1116414,0.1662765
80,129,해남송평,81,0.012428261,0.0110052535
80,130,해남묵동리,81,0.013783065,0.013331201
80,131,해남예락,81,0.01357433,0.012050299
80,134,진도하조도,81,0.06877873,0.055012375
80,135,신안압해도,81,0.018398294,0.0231666
80,147,완도보길도,81,0.0154690305,0.0140841855
81,129,해남송평,82,0.017025607,0.017352043
81,130,해남묵동리,82,0.020746421,0.020774495
81,131,해남예락,82,0.018666353,0.018923966
81,132,완도평일도,82,0.011618876,0.007794989
81,133,완도신지도,82,0.011378271,0.01012877
81,134,진도하조도,82,0.06812963,0.06680359
81,135,신안압해도,82,0.023462791,0.03563941
81,147,완도보길도,82,0.02050937,0.020167585
82,129,해남송평,83,0.037739486,0.03224079
82,130,해남묵동리,83,0.050936755,0.039244812
82,131,해남예락,83,0.042467,0.03540915
82,132,완도평일도,83,0.011769025,0.01472136
82,133,완도신지도,83,0.015963674,0.019135285
82,134,진도하조도,83,0.02322171,0.051988594
82,135,신안압해도,83,0.01861582,0.032912817
82,147,완도보길도,83,0.03632344,0.033800643
83,129,해남송평,84,0.02177953,0.025241682
83,130,해남묵동리,84,0.02635395,0.029776258
83,131,해남예락,84,0.023809632,0.027452402
83,132,완도평일도,84,0.011718538,0.014428034
83,133,완도신지도,84,0.014669721,0.017918427
83,134,진도하조도,84,0.02039798,0.044350296
83,142,여수거문도,84,0.013098727,0.012409613
83,147,완도보길도,84,0.06765433,0.04204184
84,127,고흥신흥,85,0.0101875495,0.0106340535
84,128,고흥염포,85,0.010760442,0.010520541
84,129,해남송평,85,0.014091165,0.026079921
84,130,해남묵동리,85,0.013733279,0.02735552
84,131,해남예락,85,0.014662873,0.027200554
84,132,완도평일도,85,0.020934613,0.026817273
84,133,완도신지도,85,0.023068551,0.029872037
84,134,진도하조도,85,0.0356329,0.03606314
84,142,여수거문도,85,0.017563706,0.02309206
84,147,완도보길도,85,0.020444257,0.03435441
85,127,고흥신흥,86,0.011558882,0.013191149
85,128,고흥염포,86,0.011618079,0.012757954
85,129,해남송평,86,0.016265213,0.03083581
85,130,해남묵동리,86,0.014055538,0.02993114
85,131,해남예락,86,0.01584534,0.031130916
85,132,완도평일도,86,0.02556831,0.031315275
85,133,완도신지도,86,0.027130699,0.034271985
85,134,진도하조도,86,0.03998504,0.037073024
85,135,신안압해도,86,0.03131074,0.033235297
85,141,여수백야도,86,0.009743564,0.0068373256
85,142,여수거문도,86,0.015319933,0.02260882
85,147,완도보길도,86,0.014984783,0.030443288
86,127,고흥신흥,87,0.0108581185,0.011986876
86,128,고흥염포,87,0.010983188,0.011426214
86,129,해남송평,87,0.020250807,0.03324443
86,130,해남묵동리,87,0.015759608,0.03131735
86,131,해남예락,87,0.018630097,0.033103812
86,132,완도평일도,87,0.018489266,0.026007269
86,133,완도신지도,87,0.021391941,0.02967668
86,134,진도하조도,87,0.030859971,0.0392209
86,135,신안압해도,87,0.02072617,0.03938187
86,141,여수백야도,87,0.010149088,0.0062971096
86,142,여수거문도,87,0.013409189,0.018821038
86,147,완도보길도,87,0.014401503,0.028225986
87,127,고흥신흥,88,0.014105091,0.016514383
87,128,고흥염포,88,0.013874627,0.016031388
87,129,해남송평,88,0.012976427,0.02813379
87,130,해남묵동리,88,0.012804928,0.027177034
87,131,해남예락,88,0.013739908,0.028325131
87,132,완도평일도,88,0.021646975,0.0321706
87,133,완도신지도,88,0.017735464,0.031206423
87,139,여수반월,88,0.0091678975,0.0064393287
87,140,여수안도,88,0.00946083,0.007805477
87,141,여수백야도,88,0.009237172,0.008547317
87,142,여수거문도,88,0.01715728,0.026899489
87,147,완도보길도,88,0.013257209,0.02814513
88,127,고흥신흥,89,0.01538782,0.018137777
88,128,고흥염포,89,0.015383819,0.017825728
88,129,해남송평,89,0.012654231,0.026292492
88,130,해남묵동리,89,0.013729417,0.025566325
88,131,해남예락,89,0.014355849,0.026541686
88,132,완도평일도,89,0.019133456,0.03191051
88,133,완도신지도,89,0.014791498,0.029581737
88,139,여수반월,89,0.008855708,0.007051314
88,140,여수안도,89,0.009377316,0.008735319
88,141,여수백야도,89,0.009323362,0.009401296
88,142,여수거문도,89,0.019579418,0.030383134
88,147,완도보길도,89,0.013439271,0.027431132
89,127,고흥신흥,90,0.019472852,0.021887686
89,128,고흥염포,90,0.017496146,0.020553008
89,129,해남송평,90,0.013513095,0.025618061
89,130,해남묵동리,90,0.016966432,0.02414116
89,131,해남예락,90,0.01676571,0.025503088
89,132,완도평일도,90,0.01169662,0.025453312
89,133,완도신지도,90,0.011844678,0.025997272
89,138,남해유구,90,0.007453165,0.006138283
89,139,여수반월,90,0.008584224,0.008923495
89,140,여수안도,90,0.009599725,0.010151253
89,141,여수백야도,90,0.010377132,0.011672641
89,142,여수거문도,90,0.014410106,0.026807703
89,147,완도보길도,90,0.019132968,0.023024729
90,127,고흥신흥,91,0.023065876,0.0245996
90,128,고흥염포,91,0.021983827,0.023816818
90,129,해남송평,91,0.015581385,0.024283579
90,130,해남묵동리,91,0.020709027,0.023198975
90,131,해남예락,91,0.02040689,0.024320366
90,132,완도평일도,91,0.012153079,0.027574979
90,133,완도신지도,91,0.011726891,0.026338257
90,138,남해유구,91,0.0073742764,0.0066096783
90,139,여수반월,91,0.008676713,0.009568401
90,140,여수안도,91,0.010298849,0.011570122
90,141,여수백야도,91,0.010953177,0.012729444
90,142,여수거문도,91,0.01749674,0.032276124
90,147,완도보길도,91,0.01983096,0.023767574
91,127,고흥신흥,92,0.023926444,0.025853828
91,128,고흥염포,92,0.02437718,0.025748191
91,129,해남송평,92,0.018511206,0.02316024
91,130,해남묵동리,92,0.025649931,0.022248026
91,131,해남예락,92,0.025224,0.023249188
91,132,완도평일도,92,0.011585426,0.02724374
91,133,완도신지도,92,0.011731084,0.025525577
91,138,남해유구,92,0.0073329136,0.0070204157
91,139,여수반월,92,0.008779732,0.010121987
91,140,여수안도,92,0.010923204,0.012585338
91,141,여수백야도,92,0.0113791935,0.013529555
91,142,여수거문도,92,0.013827003,0.027611442
91,147,완도보길도,92,0.022523247,0.02341874
92,127,고흥신흥,93,0.01542945,0.020193132
92,128,고흥염포,93,0.016959768,0.02082386
92,129,해남송평,93,0.018855244,0.021812214
92,130,해남묵동리,93,0.02410678,0.021578668
92,131,해남예락,93,0.024903752,0.022169303
92,132,완도평일도,93,0.012317033,0.027428523
92,133,완도신지도,93,0.011681475,0.024870062
92,139,여수반월,93,0.008667308,0.008206296
92,140,여수안도,93,0.009901863,0.010906504
92,141,여수백야도,93,0.009586357,0.010998611
92,142,여수거문도,93,0.029701948,0.04089121
92,147,완도보길도,93,0.017096154,0.02507485
93,127,고흥신흥,94,0.0142610045,0.02547476
93,128,고흥염포,94,0.013854767,0.024541745
93,132,완도평일도,94,0.019314151,0.01941682
93,133,완도신지도,94,0.032571502,0.019159535
93,137,고성하일,94,0.010950244,0.007354787
93,138,남해유구,94,0.009674948,0.012444216
93,139,여수반월,94,0.014549082,0.01808574
93,140,여수안도,94,0.014366638,0.01854806
93,141,여수백야도,94,0.020971892,0.022893013
93,142,여수거문도,94,0.027317233,0.02012374
93,149,통영욕지도,94,0.009719171,0.008025469
94,127,고흥신흥,95,0.01463818,0.02685052
94,128,고흥염포,95,0.015329932,0.027022192
94,132,완도평일도,95,0.020274715,0.01985757
94,133,완도신지도,95,0.03710906,0.019192014
94,137,고성하일,95,0.010747248,0.007838693
94,138,남해유구,95,0.0103168925,0.013442066
94,139,여수반월,95,0.015688304,0.019485947
94,140,여수안도,95,0.017630415,0.021260912
94,141,여수백야도,95,0.025344262,0.025697708
94,142,여수거문도,95,0.02180406,0.022728847
94,149,통영욕지도,95,0.0097830435,0.008935588
95,127,고흥신흥,96,0.01048002,0.023773365
95,128,고흥염포,96,0.011315978,0.024827247
95,132,완도평일도,96,0.049125716,0.01763207
95,137,고성하일,96,0.010616845,0.010764038
95,138,남해유구,96,0.014547666,0.01855258
95,139,여수반월,96,0.021734925,0.026078757
95,140,여수안도,96,0.024276968,0.028273351
95,141,여수백야도,96,0.025315873,0.029823057
95,142,여수거문도,96,0.03294843,0.023017129
95,144,통영망일봉,96,0.013429729,0.00795581
95,149,통영욕지도,96,0.011842546,0.012657084
96,127,고흥신흥,97,0.010398626,0.02195157
96,128,고흥염포,97,0.01110203,0.022208525
96,137,고성하일,97,0.011217328,0.011761349
96,138,남해유구,97,0.016545158,0.01995358
96,139,여수반월,97,0.02694776,0.028888587
96,140,여수안도,97,0.017489964,0.024989247
96,141,여수백야도,97,0.01912167,0.0269935
96,144,통영망일봉,97,0.012808802,0.008351752
96,149,통영욕지도,97,0.011463254,0.0125729665
97,127,고흥신흥,98,0.010379006,0.02274397
97,128,고흥염포,98,0.011150168,0.024807554
97,137,고성하일,98,0.010447103,0.010318399
97,138,남해유구,98,0.011810247,0.017325921
97,139,여수반월,98,0.014879791,0.022768522
97,140,여수안도,98,0.038950324,0.035010554
97,141,여수백야도,98,0.014604623,0.024216395
97,142,여수거문도,98,0.021851532,0.027419573
97,144,통영망일봉,98,0.013766291,0.008107527
97,149,통영욕지도,98,0.012674754,0.013631385
98,127,고흥신흥,99,0.010385426,0.022349373
98,128,고흥염포,99,0.011176638,0.024648327
98,132,완도평일도,99,0.048888832,0.018026806
98,137,고성하일,99,0.010590887,0.009650882
98,138,남해유구,99,0.010545549,0.016099589
98,139,여수반월,99,0.013131211,0.021115035
98,140,여수안도,99,0.03299474,0.03248339
98,141,여수백야도,99,0.012728873,0.022229673
98,142,여수거문도,99,0.018396227,0.029131474
98,144,통영망일봉,99,0.014825242,0.0076878914
98,149,통영욕지도,99,0.012078534,0.013064245
99,137,고성하일,100,0.011769131,0.020805292
99,138,남해유구,100,0.022136115,0.01476953
99,143,부산해양대,100,0.026139304,0.037021894
99,144,통영망일봉,100,0.011911435,0.022800658
99,145,마산봉암,100,0.0304653,0.041888412
99,146,거제두모,100,0.017098738,0.030862685
99,148,부산가덕도,100,0.024918806,0.036952548
99,149,통영욕지도,100,0.01723565,0.016511729
100,137,고성하일,101,0.012916371,0.020325508
100,143,부산해양대,101,0.027989876,0.040877704
100,144,통영망일봉,101,0.011967371,0.023360603
100,145,마산봉암,101,0.024565445,0.03931931
100,146,거제두모,101,0.018639952,0.03392345
100,148,부산가덕도,101,0.028308704,0.041253746
100,149,통영욕지도,101,0.017695688,0.017009892
101,137,고성하일,102,0.014575162,0.01977847
101,143,부산해양대,102,0.030179325,0.04452561
101,144,통영망일봉,102,0.012033413,0.023883224
101,145,마산봉암,102,0.019788679,0.03578207
101,146,거제두모,102,0.020059746,0.036582742
101,148,부산가덕도,102,0.033139706,0.046071064
101,149,통영욕지도,102,0.01750199,0.017684791
102,137,고성하일,103,0.019923735,0.01863694
102,143,부산해양대,103,0.034777243,0.0513512
102,144,통영망일봉,103,0.013451338,0.02251509
102,145,마산봉암,103,0.0185556,0.036092438
102,146,거제두모,103,0.016755534,0.034664925
102,148,부산가덕도,103,0.031899124,0.04814816
102,149,통영욕지도,103,0.02491954,0.016765354
103,137,고성하일,104,0.035352085,0.017058434
103,143,부산해양대,104,0.042797554,0.06180731
103,144,통영망일봉,104,0.01773224,0.021372225
103,145,마산봉암,104,0.017580561,0.03210422
103,146,거제두모,104,0.014987005,0.032815583
103,148,부산가덕도,104,0.023494443,0.04412395
103,149,통영욕지도,104,0.036112614,0.016446352
104,143,부산해양대,105,0.051669974,0.07237593
104,144,통영망일봉,105,0.027488867,0.01984889
104,145,마산봉암,105,0.019805323,0.031117901
104,146,거제두모,105,0.015791643,0.030464983
104,148,부산가덕도,105,0.020727465,0.04128838
105,129,해남송평,106,0.037283882,0.04493778
105,130,해남묵동리,106,0.037476312,0.048905835
105,131,해남예락,106,0.038237866,0.047619145
105,132,완도평일도,106,0.011114727,0.019937119
105,133,완도신지도,106,0.014922396,0.025952086
105,134,진도하조도,106,0.021719342,0.07000315
105,135,신안압해도,106,0.019703317,0.0579651
105,136,신안임자도,106,0.105856255,0.078805156
105,147,완도보길도,106,0.016889717,0.033449702
106,127,고흥신흥,107,0.009828093,0.02973261
106,128,고흥염포,107,0.010477378,0.030112794
106,137,고성하일,107,0.011469188,0.017173085
106,138,남해유구,107,0.018097969,0.029069522
106,139,여수반월,107,0.029028624,0.041671194
106,140,여수안도,107,0.017467143,0.035068832
106,141,여수백야도,107,0.01782746,0.036750216
106,144,통영망일봉,107,0.011215224,0.012171212
106,149,통영욕지도,107,0.011817742,0.018193066
107,127,고흥신흥,108,0.010817669,0.0282264
107,128,고흥염포,108,0.010593612,0.026211997
107,132,완도평일도,108,0.019561112,0.023911905
107,133,완도신지도,108,0.029010123,0.024591573
107,137,고성하일,108,0.010233309,0.009406198
107,138,남해유구,108,0.008647761,0.015300341
107,139,여수반월,108,0.012315868,0.021888923
107,140,여수안도,108,0.010841258,0.020806467
107,141,여수백야도,108,0.01502263,0.02598476
108,127,고흥신흥,109,0.015090019,0.026584715
108,128,고흥염포,109,0.013604696,0.024716118
108,129,해남송평,109,0.012806471,0.03362399
108,130,해남묵동리,109,0.016389115,0.03139342
108,131,해남예락,109,0.015993807,0.033324275
108,132,완도평일도,109,0.010234315,0.028016914
108,133,완도신지도,109,0.011110255,0.030588364
108,135,신안압해도,109,0.024286516,0.06010518
108,138,남해유구,109,0.006991797,0.008432134
108,139,여수반월,109,0.008272938,0.012215597
108,140,여수안도,109,0.008928938,0.012872197
108,141,여수백야도,109,0.009788604,0.015457603
108,142,여수거문도,109,0.012548278,0.030468093
108,147,완도보길도,109,0.022627547,0.027636576
109,127,고흥신흥,110,0.015790273,0.023319595
109,128,고흥염포,110,0.01841494,0.023021791
109,137,고성하일,110,0.013599716,0.020586763
109,138,남해유구,110,0.015356188,0.029189087
109,139,여수반월,110,0.012244021,0.030736728
109,140,여수안도,110,0.009113862,0.021993788
109,141,여수백야도,110,0.009445042,0.027150474
109,144,통영망일봉,110,0.010951519,0.013785687
109,149,통영욕지도,110,0.010614127,0.018195288
110,137,고성하일,111,0.029621067,0.037475713
110,138,남해유구,111,0.011267762,0.032530997
110,139,여수반월,111,0.008758929,0.030941898
110,140,여수안도,111,0.009939775,0.02559161
110,141,여수백야도,111,0.009947188,0.026257783
110,144,통영망일봉,111,0.014753161,0.025042009
110,145,마산봉암,111,0.015944958,0.023221036
110,146,거제두모,111,0.014010479,0.018655578
110,148,부산가덕도,111,0.027549729,0.017186627
110,149,통영욕지도,111,0.01585824,0.029510442
111,137,고성하일,112,0.035421982,0.04368271
111,138,남해유구,112,0.008853931,0.030710096
111,139,여수반월,112,0.008340532,0.028869638
111,140,여수안도,112,0.011958187,0.024799319
111,141,여수백야도,112,0.013035638,0.024593994
111,144,통영망일봉,112,0.017801758,0.030014835
111,145,마산봉암,112,0.01728313,0.02793096
111,146,거제두모,112,0.013737988,0.022679415
111,148,부산가덕도,112,0.02210762,0.020915633
111,149,통영욕지도,112,0.011154465,0.026446532
112,137,고성하일,113,0.021779437,0.039768703
112,138,남해유구,113,0.0073691905,0.028337263
112,139,여수반월,113,0.009648874,0.02649227
112,140,여수안도,113,0.017314084,0.023513943
112,141,여수백야도,113,0.02150528,0.02265947
112,143,부산해양대,113,0.028516676,0.025301887
112,144,통영망일봉,113,0.021510705,0.0360444
112,145,마산봉암,113,0.020198697,0.034365103
112,146,거제두모,113,0.0149320895,0.028345834
112,148,부산가덕도,113,0.01925483,0.026207676
112,149,통영욕지도,113,0.010483373,0.02777627
113,127,고흥신흥,114,0.016781159,0.025951453
113,128,고흥염포,114,0.016806843,0.027143274
113,137,고성하일,114,0.016061062,0.025378238
113,138,남해유구,114,0.021324376,0.037897613
113,139,여수반월,114,0.013701468,0.036887098
113,140,여수안도,114,0.011684425,0.034794334
113,141,여수백야도,114,0.0101580685,0.03290902
113,144,통영망일봉,114,0.012052365,0.0191632
113,145,마산봉암,114,0.018683732,0.01565542
113,146,거제두모,114,0.01764651,0.013703386
113,149,통영욕지도,114,0.020620493,0.02906667
114,127,고흥신흥,115,0.013869349,0.026466124
114,128,고흥염포,115,0.014509065,0.027241196
114,137,고성하일,115,0.015501139,0.023594918
114,138,남해유구,115,0.02896258,0.04036335
114,139,여수반월,115,0.017591147,0.0391883
114,140,여수안도,115,0.011133421,0.031904235
114,141,여수백야도,115,0.011272923,0.03356219
114,144,통영망일봉,115,0.011307259,0.016929539
114,146,거제두모,115,0.020112753,0.012178749
114,149,통영욕지도,115,0.016107842,0.024670823
115,137,고성하일,116,0.026263699,0.023948938
115,143,부산해양대,116,0.043507833,0.084989995
115,144,통영망일봉,116,0.01563163,0.028838571
115,145,마산봉암,116,0.016693015,0.049523327
115,146,거제두모,116,0.014224492,0.044463802
115,148,부산가덕도,116,0.023975817,0.061823465
116,137,고성하일,117,0.01990944,0.024985548
116,143,부산해양대,117,0.03800043,0.07646638
116,144,통영망일봉,117,0.013394315,0.029773535
116,145,마산봉암,117,0.01807463,0.05140269
116,146,거제두모,117,0.014986958,0.045694295
116,148,부산가덕도,117,0.027078174,0.063298255
116,149,통영욕지도,117,0.026532952,0.022081401
117,137,고성하일,118,0.0128216725,0.027227707
117,143,부산해양대,118,0.030179532,0.062086154
117,144,통영망일봉,118,0.011312671,0.031856187
117,145,마산봉암,118,0.02218384,0.05349277
117,146,거제두모,118,0.017960925,0.04775659
117,148,부산가덕도,118,0.031295516,0.06207585
117,149,통영욕지도,118,0.016808674,0.023337916
118,137,고성하일,119,0.01470745,0.02583341
118,138,남해유구,119,0.009022593,0.026689947
118,139,여수반월,119,0.00813209,0.025059422
118,140,여수안도,119,0.0090833865,0.02536496
118,141,여수백야도,119,0.010790667,0.022333369
118,144,통영망일봉,119,0.018174227,0.025968542
118,145,마산봉암,119,0.015278996,0.019988177
118,146,거제두모,119,0.013276795,0.018568108
118,148,부산가덕도,119,0.023081135,0.016804133
118,149,통영욕지도,119,0.022232374,0.031848565
119,137,고성하일,120,0.012087345,0.021127123
119,138,남해유구,120,0.014868997,0.017835854
119,143,부산해양대,120,0.022564005,0.037620973
119,144,통영망일봉,120,0.011331942,0.028603235
119,145,마산봉암,120,0.019547638,0.02382945
119,146,거제두모,120,0.014351455,0.031816147
119,148,부산가덕도,120,0.019110922,0.035467576
119,149,통영욕지도,120,0.009221997,0.025861112
120,129,해남송평,121,0.013818483,0.021563357
120,130,해남묵동리,121,0.014023851,0.02345561
120,131,해남예락,121,0.014352377,0.022683263
120,133,완도신지도,121,0.0107498225,0.012794395
120,134,진도하조도,121,0.018533234,0.04372538
120,135,신안압해도,121,0.069370784,0.08108549
120,136,신안임자도,121,0.045453373,0.1117316
120,147,완도보길도,121,0.012365196,0.019960323
121,129,해남송평,122,0.018912958,0.023172965
121,130,해남묵동리,122,0.024576075,0.028286392
121,131,해남예락,122,0.021075344,0.025450217
121,132,완도평일도,122,0.009798017,0.0109431585
121,133,완도신지도,122,0.01096365,0.014088606
121,134,진도하조도,122,0.042124815,0.06914221
121,135,신안압해도,122,0.018982716,0.038862523
121,147,완도보길도,122,0.029715601,0.029993728
122,127,고흥신흥,123,0.009267902,0.010930341
122,128,고흥염포,123,0.009801975,0.010665365
122,129,해남송평,123,0.019117832,0.03471145
122,130,해남묵동리,123,0.017899241,0.036345948
122,131,해남예락,123,0.019230336,0.03626047
122,132,완도평일도,123,0.018388648,0.02779719
122,133,완도신지도,123,0.025762936,0.03442345
122,134,진도하조도,123,0.021054257,0.046816096
122,135,신안압해도,123,0.027542703,0.032595452
122,142,여수거문도,123,0.013667571,0.021731414
122,147,완도보길도,123,0.025289522,0.04176562
123,127,고흥신흥,124,0.015245211,0.023946663
123,128,고흥염포,124,0.016795399,0.02471197
123,129,해남송평,124,0.016066454,0.025225895
123,130,해남묵동리,124,0.020273777,0.024894185
123,131,해남예락,124,0.020843137,0.02561228
123,132,완도평일도,124,0.011609817,0.031680543
123,133,완도신지도,124,0.010772135,0.028739933
123,139,여수반월,124,0.007951329,0.009738083
123,140,여수안도,124,0.009477152,0.012920606
123,141,여수백야도,124,0.009125045,0.01305201
123,142,여수거문도,124,0.027708905,0.047189903
123,147,완도보길도,124,0.015116803,0.028730476
124,127,고흥신흥,125,0.009615948,0.022324491
124,128,고흥염포,125,0.010128636,0.025201293
124,132,완도평일도,125,0.02801738,0.02119706
124,138,남해유구,125,0.007372372,0.013670426
124,139,여수반월,125,0.008890554,0.018006712
124,140,여수안도,125,0.017614031,0.02755568
124,141,여수백야도,125,0.00870859,0.017720608
124,142,여수거문도,125,0.012425402,0.041241493
124,149,통영욕지도,125,0.009325251,0.01179806
125,137,고성하일,126,0.010455038,0.0138616385
125,138,남해유구,126,0.008944973,0.013207039
125,139,여수반월,126,0.013815151,0.014865352
125,140,여수안도,126,0.008939383,0.023763906
125,141,여수백야도,126,0.017118588,0.01648318
125,144,통영망일봉,126,0.011572845,0.013298897
125,149,통영욕지도,126,0.012751448,0.022217264
126,144,통영망일봉,127,0.040894233,0.012402369
126,146,거제두모,127,0.022958994,0.017245166
126,149,통영욕지도,127,0.0122402795,0.018086502
0,0,?,1,1.0,1.0
1,1,?,2,1.0,1.0
2,2,?,3,1.0,1.0
3,3,?,4,1.0,1.0
4,4,?,5,1.0,1.0
5,5,?,6,1.0,1.0
6,6,?,7,1.0,1.0
7,7,?,8,1.0,1.0
8,8,?,9,1.0,1.0
9,9,?,10,1.0,1.0
10,10,?,11,1.0,1.0
11,11,?,12,1.0,1.0
12,12,?,13,1.0,1.0
13,13,?,14,1.0,1.0
14,14,?,15,1.0,1.0
15,15,?,16,1.0,1.0
16,16,?,17,1.0,1.0
17,17,?,18,1.0,1.0
18,18,?,19,1.0,1.0
19,19,?,20,1.0,1.0
20,20,?,21,1.0,1.0
21,21,?,22,1.0,1.0
22,22,?,23,1.0,1.0
23,23,?,24,1.0,1.0
24,24,?,25,1.0,1.0
25,25,?,26,1.0,1.0
26,26,?,27,1.0,1.0
27,27,?,28,1.0,1.0
28,28,?,29,1.0,1.0
29,29,?,30,1.0,1.0
30,30,?,31,1.0,1.0
31,31,?,32,1.0,1.0
32,32,?,33,1.0,1.0
33,33,?,34,1.0,1.0
34,34,?,35,1.0,1.0
35,35,?,36,1.0,1.0
36,36,?,37,1.0,1.0
37,37,?,38,1.0,1.0
38,38,?,39,1.0,1.0
39,39,?,40,1.0,1.0
40,40,?,41,1.0,1.0
41,41,?,42,1.0,1.0
42,42,?,43,1.0,1.0
43,43,?,44,1.0,1.0
44,44,?,45,1.0,1.0
45,45,?,46,1.0,1.0
46,46,?,47,1.0,1.0
47,47,?,48,1.0,1.0
48,48,?,49,1.0,1.0
49,49,?,50,1.0,1.0
50,50,?,51,1.0,1.0
51,51,?,52,1.0,1.0
52,52,?,53,1.0,1.0
53,53,?,54,1.0,1.0
54,54,?,55,1.0,1.0
55,55,?,56,1.0,1.0
56,56,?,57,1.0,1.0
57,57,?,58,1.0,1.0
58,58,?,59,1.0,1.0
59,59,?,60,1.0,1.0
60,60,?,61,1.0,1.0
61,61,?,62,1.0,1.0
62,62,?,63,1.0,1.0
63,63,?,64,1.0,1.0
64,64,?,65,1.0,1.0
65,65,?,66,1.0,1.0
66,66,?,67,1.0,1.0
67,67,?,68,1.0,1.0
68,68,?,69,1.0,1.0
69,69,?,70,1.0,1.0
70,70,?,71,1.0,1.0
71,71,?,72,1.0,1.0
72,72,?,73,1.0,1.0
73,73,?,74,1.0,1.0
74,74,?,75,1.0,1.0
75,75,?,76,1.0,1.0
76,76,?,77,1.0,1.0
77,77,?,78,1.0,1.0
78,78,?,79,1.0,1.0
79,79,?,80,1.0,1.0
80,80,?,81,1.0,1.0
81,81,?,82,1.0,1.0
82,82,?,83,1.0,1.0
83,83,?,84,1.0,1.0
84,84,?,85,1.0,1.0
85,85,?,86,1.0,1.0
86,86,?,87,1.0,1.0
87,87,?,88,1.0,1.0
88,88,?,89,1.0,1.0
89,89,?,90,1.0,1.0
90,90,?,91,1.0,1.0
91,91,?,92,1.0,1.0
92,92,?,93,1.0,1.0
93,93,?,94,1.0,1.0
94,94,?,95,1.0,1.0
95,95,?,96,1.0,1.0
96,96,?,97,1.0,1.0
97,97,?,98,1.0,1.0
98,98,?,99,1.0,1.0
99,99,?,100,1.0,1.0
100,100,?,101,1.0,1.0
101,101,?,102,1.0,1.0
102,102,?,103,1.0,1.0
103,103,?,104,1.0,1.0
104,104,?,105,1.0,1.0
105,105,?,106,1.0,1.0
106,106,?,107,1.0,1.0
107,107,?,108,1.0,1.0
108,108,?,109,1.0,1.0
109,109,?,110,1.0,1.0
110,110,?,111,1.0,1.0
111,111,?,112,1.0,1.0
112,112,?,113,1.0,1.0
113,113,?,114,1.0,1.0
114,114,?,115,1.0,1.0
115,115,?,116,1.0,1.0
116,116,?,117,1.0,1.0
117,117,?,118,1.0,1.0
118,118,?,119,1.0,1.0
119,119,?,120,1.0,1.0
120,120,?,121,1.0,1.0
121,121,?,122,1.0,1.0
122,122,?,123,1.0,1.0
123,123,?,124,1.0,1.0
124,124,?,125,1.0,1.0
125,125,?,126,1.0,1.0
126,126,?,127,1.0,1.0
127,127,고흥신흥,-1,0.01027504,0.01372102
128,128,고흥염포,-1,0.010904429,0.014351597
129,129,해남송평,-1,0.012464677,0.017347807
130,130,해남묵동리,-1,0.01249313,0.018907314
131,131,해남예락,-1,0.0133668,0.01883179
132,132,완도평일도,-1,0.01118689,0.020128163
133,133,완도신지도,-1,0.011748467,0.017890561
134,134,진도하조도,-1,0.019468373,0.032009214
135,135,신안압해도,-1,0.018089073,0.029692085
136,136,신안임자도,-1,0.04969328,0.07708307
137,137,고성하일,-1,0.010395807,0.015029916
138,138,남해유구,-1,0.0075457315,0.012691592
139,139,여수반월,-1,0.008997358,0.013850534
140,140,여수안도,-1,0.009840019,0.013664591
141,141,여수백야도,-1,0.009481252,0.013061173
142,142,여수거문도,-1,0.013406322,0.01956123
143,143,부산해양대,-1,0.024218101,0.023969237
144,144,통영망일봉,-1,0.011585695,0.014554368
145,145,마산봉암,-1,0.016566409,0.016710434
146,146,거제두모,-1,0.014550982,0.015237859
147,147,완도보길도,-1,0.0131485695,0.019378707
148,148,부산가덕도,-1,0.01998613,0.01996728
149,149,통영욕지도,-1,0.009992312,0.014795824
